Company,Name,Ratio,Units,Opening Date,Closing Date,Book Closure Date,Issue Manager,Status
ADBL,Agriculture Development Bank Limited,2:01,19688000,10/18/2016,11/21/2016,9/26/2016,Ace Capital Limited.,Closed
AHPC,Arun Valley Hydropower Development Co. Ltd.,1:01,3504930,3/24/2014,4/27/2014,2/13/2014,Elite Capital Ltd.,Closed
AHPC,Arun Valley Hydropower Development Co. Ltd.,1:1,18679626,2/29/2024,3/20/2024,1/29/2024,Muktinath Capital Limited,Closed
AHPC,Arun Valley Hydropower Development Co. Ltd.,1:0.5,5241197,4/19/2021,5/16/2021,3/22/2021,Muktinath Capital Limited,Closed
AKJCL,Ankhu Khola Jalvidhyut Company Ltd,1:1.5,12000000,8/11/2024,9/1/2024,7/16/2024,Nabil Investment Banking Ltd.,Closed
AKPL,Arun Kabeli Power Ltd.,1:1,18552105,8/28/2023,9/17/2023,7/10/2023,Nabil Investment Banking Ltd.,Closed
ALDBL,Alpine Development Bank Limited,03:02.1,820000,8/2/2016,9/5/2016,7/5/2016,Nmb Capital Limited,Closed
ALDBL,Alpine Development Bank Limited,03:02.1,2600754,7/8/2017,8/12/2017,6/4/2017,NMB Capital Ltd.,Closed
ALICL,Asian Life Insurance Co. Limited,2:01,4027966,2/24/2018,4/14/2018,1/22/2018,NIBL Ace Capital Limited,Closed
ALICL,Asian Life Insurance Co. Limited,1:0.6,7540353,4/8/2019,5/12/2019,3/6/2019,NIBL Ace Capital Limited,Closed
ALICL,Asian Life Insurance Co. Limited,1:0.42,14279312,7/9/2025,8/5/2025,5/30/2025,Muktinath Capital Limited,Closed
ALICL,Asian Life Insurance Co. Limited,20:01,256297,4/1/2014,5/5/2014,3/11/2014,Civil Capital Market Ltd.,Closed
API,Api Power Company Ltd.,1:0.393632926,10860000,4/8/2022,4/28/2022,3/28/2022,Muktinath Capital Limited,Closed
API,Api Power Company Ltd.,1:0.47619047619,5670000,10/30/2020,11/19/2020,3/14/2020,Siddhartha Capital Limited,Closed
API,Api Power Company Ltd.,1:0.2938,5670000,6/3/2021,6/27/2021,5/12/2021,Muktinath Capital Limited,Closed
API,Api Power Company Ltd.,1: 0.40,16533137,8/16/2023,9/5/2023,7/7/2023,Muktinath Capital Limited,Closed
ARDBL,Araniko Development Bank Limited,10:03.6,928190,10/23/2016,11/26/2016,10/14/2016,Siddhartha Capital Limited,Closed
BARUN,Barun Hydropower Co. Ltd.,1:1,5358150,7/15/2025,8/19/2025,6/5/2025,RBB Merchant Banking Ltd,Closed
BARUN,Barun Hydropower Co. Ltd.,1:1,2679075,8/22/2022,9/16/2022,7/18/2022,RBB Merchant Banking Limited,Closed
BBBLN,Biratlaxmi Bikas Bank Limited,01:02.5,1485000,6/21/2012,7/25/2012,6/7/2012,NMB Capital Ltd.,Closed
BFC,Best Finance Company Ltd.,01:01.3,1652850,9/11/2017,10/30/2017,8/10/2017,Global IME Capital Ltd.,Closed
BHBL,Bhargav Bikash Bank Ltd.,1:01,1200000,3/6/2017,4/9/2017,3/23/2017,NMB Capital Limited,Closed
BHBL,Bhargav Bikash Bank Ltd.,10:08,2112000,11/9/2017,12/28/2017,11/1/2017,NMB Capital Ltd,Closed
BHL,Balephi Hydropower Limited,1:1,18279700,12/12/2024,1/1/2025,11/6/2024,NIMB Ace Capital Limited,Closed
BPCL,Butwal Power Company Limited,3:02,6768463,3/2/2014,4/5/2014,2/5/2014,NMB Capital Ltd.,Closed
CBBL,Chhimek Laghubitta Bikas Bank Limited,2:01,1418447,7/27/2015,8/30/2015,7/15/2015,NMB Capital Ltd.,Closed
CBL,Civil Bank Ltd,10:04,20740888,12/7/2017,1/25/2018,11/21/2017,Laxmi Capital Market Ltd,Closed
CCBL,Century Commercial Bank Ltd.,10:04,18854256,7/30/2017,9/17/2017,7/11/2017,Civil Capital Market Limited,Closed
CCBL,Century Commercial Bank Ltd.,4:01,5300000,10/26/2015,11/29/2015,10/7/2015,Civil Capital Market Ltd.,Closed
CCBL,Century Commercial Bank Ltd.,10:03,8522400,8/20/2016,9/24/2016,8/2/2016,Civil Capital Market Limited,Closed
CDBL,Country Development Bank Ltd.,10:03,924000,10/21/2014,11/24/2014,10/9/2014,Nabil Investment Banking Ltd.,Closed
CEFL,City Express Finance Co. Limited,01:01.7,2500000,8/16/2018,9/20/2018,8/6/2018,Kathmandu Capital Market Limited,Closed
CFCL,Central Finance Co. Ltd.,2:01,2603314,1/6/2018,2/24/2018,12/19/2017,NIBL Capital Market Limited,Closed
CHDC,CEDB Holdings Limited,1:0.545,5636592,,,,CEDB Hydropower Development Company Limited,--
CHL,Chhyangdi Hydropower Ltd.,10:3,893025,1/25/2022,2/14/2022,1/5/2022,Global IME Capital Limited,Closed
CHL,Chhyangdi Hydropower Ltd.,1:1,3869775,6/6/2025,7/11/2025,5/16/2025,Global IME Capital Ltd,Closed
CIT,Citizen Investment Trust,100:82.84,13592592,1/12/2021,2/1/2021,12/29/2020,RBB Merchant Banking Limited,Closed
CITY,City Hotel Limited,1:0.80,13392000,8/29/2025,9/28/2025,8/12/2025,Prabhu Capital Limited,Open
CIVIC,Civic Development Bank Ltd,4:01,100000,8/11/2014,9/14/2014,7/21/2014,Growmore Merchant Banking Ltd.,Closed
CORBL,Corporate Development Bank Limited,1:1.50,3000000,1/21/2022,2/25/2022,1/10/2022,Civil Capital Market Limited,Closed
CSDBL,Cosmos Development Bank Ltd.,1:01,503125,7/25/2016,8/28/2016,7/18/2016,Civil Capital Markets Ltd.,Closed
CZBIL,Citizen Bank International Limited,10:05.5,16858786,6/18/2016,7/23/2016,6/6/2016,Global IME Capital Ltd.,Closed
CZBIL,Citizen Bank International Limited,10:02.5,13843379,4/5/2017,5/10/2017,3/9/2017,Sanima Capital Ltd.,Closed
DBBL,Deva Bikas Bank Limited,2:01,4405440,1/21/2017,3/9/2017,1/2/2017,NIBL Capital Markets Ltd.,Closed
DBBL,Deva Bikas Bank Limited,10:04,6533109,4/8/2018,5/13/2018,3/1/2018,NIBL Capital Market Ltd.,Closed
DDBL,Deprosc Laghubitta Bittiya Sanstha Limited,1:01,2579238,3/19/2017,5/7/2017,2/13/2017,Nabil Investment Banking Ltd.,Closed
DORDI,Dordi Khola Jal Bidyut Company Limited,1:1,10542604,4/1/2025,5/21/2025,2/27/2025,Sanima Capital Limited,Closed
EBL,Everest Bank Limited,3:01,15088087,7/1/2017,8/5/2017,6/21/2017,NIBL Capital Markets Limited,Closed
EDBL,Excel Development Bank Ltd.,1:0.3,2433364,10/11/2021,11/15/2021,9/17/2021,NIBL Ace Capital Limited,Closed
EDBL,Excel Development Bank Ltd.,2:01,1922813,10/3/2017,11/6/2017,9/6/2017,Ace Capital Ltd.,Closed
EDBL,Excel Development Bank Ltd.,04:01.0,525000,1/20/2016,2/23/2016,1/11/2016,Ace Capital Ltd.,Closed
EIC,Everest Insurance Co. Ltd.,01:01.05,1403325,12/2/2018,1/6/2019,11/13/2018,Siddhartha Capital Ltd.,Closed
EIC,Everest Insurance Co. Ltd.,1:03,8219475,5/28/2019,7/1/2019,4/22/2019,Siddhartha Capital Limited,Closed
FMDBL,First Micro Finance Laghubitta Bittiya Sanstha Limited,2:01,2281313,3/1/2018,4/5/2018,1/23/2018,Global IME Capital Limited,Closed
FMDBL,First Micro Finance Laghubitta Bittiya Sanstha Limited,1:01,1000000,2/26/2015,4/1/2015,2/12/2015,Nabil Investment Banking Ltd.,Closed
FMDBL,First Micro Finance Laghubitta Bittiya Sanstha Limited,2:01,1322500,5/10/2017,6/13/2017,4/12/2017,Global IME Capital Limited,Closed
GABL,Gaumukhee Bikas Bank Ltd.,02:00.8,168480,10/10/2015,11/14/2015,9/29/2015,NMB Capital Ltd.,Closed
GBBL,Garima Bikas Bank Limited,2:01,1100000,10/3/2013,11/6/2013,10/3/2013,Elite Capital Ltd.,Closed
GBBL,Garima Bikas Bank Limited,10:07,9076297,4/26/2017,5/30/2017,4/12/2017,Ace Capital Limited,Closed
GBBL,Garima Bikas Bank Limited,4:01,1122000,2/26/2015,4/1/2015,2/12/2015,Ace Capital Ltd.,Closed
GBLBS,Grameen Bikas Laghubitta Bittiya Sanstha Ltd.,01:00.5,3275000,5/10/2019,6/13/2019,4/12/2019,NIBL Ace Capital Limited,Closed
GDBL,Gandaki Bikas Bank Limited,01:00.3,700000,8/10/2013,9/14/2013,7/15/2013,Elite Capital Ltd.,Closed
GDBL,Gandaki Bikas Bank Limited,10:03,1056000,1/30/2016,3/5/2016,1/14/2016,Global IME Capital Ltd.,Closed
GDBL,Gandaki Bikas Bank Limited,4:01,4609816,12/21/2017,1/24/2018,12/1/2017,Prabhu Capital Limited,Closed
GFCL,Goodwill Finance Limited,10:06,2722500,7/1/2017,8/5/2017,6/16/2017,NIBL Capital Markets Ltd.,Closed
GHL,Ghalemdi Hydro Limited,1:2,11000000,11/26/2023,1/1/2024,10/19/2023,Muktinath Capital Limited,Closed
GILB,Global IME Laghubitta Bittiya Sanstha Ltd.,2:01,282500,7/8/2017,8/12/2017,6/30/2017,Civil Capital Market Ltd.,Closed
GILB,Global IME Laghubitta Bittiya Sanstha Ltd.,1:01,1104575,8/6/2019,9/9/2019,7/17/2019,Global IME Capital Limited,Closed
GLICL,Gurans Life Insurance Company Ltd.,10:03.0,1166000,10/31/2013,12/4/2013,10/20/2013,NMB Capital Ltd.,Closed
GLICL,Gurans Life Insurance Company Ltd.,1:01,9385200,6/28/2020,7/19/2020,3/5/2020,NMB Capital Ltd,Closed
GLICL,Gurans Life Insurance Company Ltd.,2:01,2970000,4/11/2019,5/15/2019,3/20/2019,Laxmi Capital Market Ltd.,Closed
GMFIL,Guheshowori Merchant Bank & Finance Co. Ltd.,2:01,1468697,10/6/2016,11/9/2016,9/4/2016,NIBL Capital Market Limited,Closed
GMFIL,Guheshowori Merchant Bank & Finance Co. Ltd.,10:04,1973929,10/28/2017,12/3/2017,10/13/2017,NIBL Capital Market Limited,Closed
GRDBL,Green Development Bank Ltd.,1:04,4000000,1/15/2018,3/6/2018,1/1/2018,Laxmi Capital Market Limited,Closed
GUFL,Gurkhas Finance Ltd.,2:01,2893313,5/14/2017,6/24/2017,5/3/2017,NIBL Capital Markets Ltd.,Closed
HAMRO,Hamro Bikas Bank Ltd.,10:07,420700,12/16/2014,1/19/2015,11/28/2014,Growmore Merchant Banking Ltd.,Closed
HAMRO,Hamro Bikas Bank Ltd.,1:02,3058339,5/20/2017,6/24/2017,4/24/2017,NIBL Capital Markets Ltd.,Closed
HATH,Hathway Finance Company Limited,1:01,1500000,8/21/2017,9/24/2017,7/24/2017,Global IME Capital Limited,Closed
HBL,Himalayan Bank Limited,7:01,6427350,11/10/2016,12/14/2016,10/26/2016,Laxmi Capital Market Limited,Closed
HDHPC,Himal Dolakha Hydropower Company Limited,1:0.75,12000000,6/5/2023,7/10/2023,5/10/2023,Laxmi Capital Markets Limited,Closed
HGI,Himalayan General Insurance Co. Ltd,01:01.7,6420000,7/11/2017,8/24/2017,6/30/2017,NMB Capital Ltd.,Closed
HGI,Himalayan General Insurance Co. Ltd,01:01.5,1492000,1/12/2014,2/15/2014,1/1/2014,NMB Capital Ltd.,Closed
HIDCL,Hydorelectricity Investment and Development Company Ltd,1:1,110000000,7/20/2021,8/24/2021,6/11/2021,Global IME Capital Limited,Closed
HLBSL,Himalayan Laghubitta Bittiya Sanstha Limited,1:01,1141140,8/9/2020,9/14/2020,6/29/2020,Century Capital Market Limited,Closed
HURJA,Himalaya Urja Bikas Company Limited,1:1,9900000,8/8/2024,8/28/2024,7/4/2024,Nabil Investment Banking Ltd.,Closed
ICFC,ICFC Finance Limited,2:01,2134845,11/23/2015,12/27/2015,10/29/2015,Global IME Capital Ltd.,Closed
IGI,IGI Prudential insurance Limited,10:08,1200000,8/6/2016,9/10/2016,7/21/2016,Global IME Capital limited,Closed
IGI,IGI Prudential insurance Limited,10:08,4320000,1/1/2019,2/4/2019,11/25/2018,Global IME Capital Ltd.,Closed
IGI,IGI Prudential insurance Limited,10:4,4630344,3/6/2022,3/27/2022,2/13/2022,Global IME Capital Limited,Closed
IGI,IGI Prudential insurance Limited,1:01,2700000,6/18/2017,7/23/2017,5/18/2017,Global IME Capital Ltd.,Closed
IGI,IGI Prudential insurance Limited,2:01,500000,6/26/2011,7/30/2011,6/16/2011,Civil Capital Market Ltd,Closed
INDB,Innovative Development Bank Ltd.,4:01,262500,8/12/2014,9/15/2014,7/30/2014,NMB Capital Ltd.,Closed
INDB,Innovative Development Bank Ltd.,3:02,1000000,1/21/2016,2/24/2016,1/10/2016,NMB Capital Ltd.,Closed
JBBL,Jyoti Bikas Bank Limited,1:01,11043171,5/10/2017,6/13/2017,4/27/2017,Siddhartha Capital Limited,Closed
JBNL,Janata Bank Nepal Ltd.,2:01,10300000,11/15/2016,12/25/2016,12/26/2016,NCM Merchant Banking Limited,Closed
JOSHI,Joshi Hydropower Development Company Ltd,1:0.65,2414100,2025-07-31,2025-09-04,2025-06-22,Laxmi Capital Market Limited,Closed
JSLBB,Janautthan Samudayic Laghubitta Bikas Bank Ltd.,1:01,288000,2019-06-27,2019-07-31,2019-06-17,Siddhartha Capital Limited,Closed
KADBL,Kasthamandap Development Bank Limited,2:01,990000,2017-01-01,2017-02-04,2016-12-15,Global IME Capital Limited,Closed
KADBL,Kasthamandap Development Bank Limited,10:03,1039500,2017-07-13,2017-08-16,2017-06-15,Global IME Capital Ltd,Closed
KADBL,Kasthamandap Development Bank Limited,4:01,330000,2015-12-23,2016-01-26,2015-12-11,Global IME Capital Ltd.,Closed
KBBL,Kailash Bikas Bank Ltd.,5:01,3160672,2017-02-16,2017-03-22,2016-12-29,Global IME Capital Ltd.,Closed
KBL,Kumari Bank Limited,2:01,13495833,2017-03-18,2017-04-22,2017-03-03,Siddhartha Capital Limited,Closed
KBL,Kumari Bank Limited,10:02,11938992,2018-05-10,2018-06-14,2018-04-23,NIBL Capital Market Limited,Closed
KDBL,Kasthamandap Development Bank Limited,4:01,1699742,2016-11-10,2016-12-14,2016-10-25,NCM Merchant Banking Limited,Closed
KEBL,Kailash Bikas Bank Ltd.,2:01,350880,2017-09-02,2017-10-31,2017-08-03,Global IME Capital Ltd,Closed
KEBL,Kailash Bikas Bank Ltd.,2:01,172000,2015-04-22,2015-05-26,2015-04-08,Global IME Capital Ltd.,Closed
KEBL,Kailash Bikas Bank Ltd.,11:04,80000,2014-01-18,2014-02-22,2013-12-20,Elite Capital Ltd.,Closed
KFL,Kaski Finance Limited,01:00.1,231994,2013-12-22,2014-01-25,2013-12-11,Growmore Merchant Banker Ltd.,Closed
KFL,Kaski Finance Limited,1:01,1837763,2015-10-31,2015-12-05,2015-05-30,NIBL Capital Markets Ltd.,Closed
KKBL,Kakre Bihar Bikash Bank Ltd,01:00.5,172500,2015-11-01,2015-12-05,2015-10-14,Growmore Merchant Banker Ltd.,Closed
KKHC,Khanikhola Hydropower Co. Ltd.,1:1,4657143,2025-08-19,2025-09-08,2025-07-11,Citizens Capital Limited,Open
KMBL,Kumari Bank Limited,10:03,2413137,2017-06-24,2017-07-29,2017-06-13,NIBL Capital Market Ltd.,Closed
KMFL,Kisan Lagubitta Bittiya Sanstha Limited,40:24.2,78000,2017-09-19,2017-10-23,2017-08-27,Civil Capital Market Ltd,Closed
KMFL,Kisan Lagubitta Bittiya Sanstha Limited,2:01,240250,2018-11-18,2018-12-23,2018-10-30,Civil Capital Market Ltd.,Closed
KNBL,Kankai Bikas Bank Ltd.,01:02.1,3210000,2017-07-23,2017-08-26,2017-07-03,Siddhartha Capital Ltd.,Closed
KNBL,Kankai Bikas Bank Ltd.,01:01.5,600000,2012-06-21,2012-07-25,2012-06-11,Growmore Merchant Banker Ltd.,Closed
KRBL,Karnali Development Bank Limited,01:02.3,3397500,2018-01-24,2018-03-14,2018-01-04,Prabhu Capital Limited,Closed
KRBL,Karnali Development Bank Limited,2:01,400000,2016-05-14,2016-07-13,2016-04-25,Growmore Merchant Banker Ltd,Closed
KSBBL,Kamana Sewa Bikas Bank Limited,10:01.5,3094155,2018-01-28,2018-03-18,2018-01-17,NMB Capital Limited,Closed
LBBL,Lumbini Bikas Bank Ltd.,10:01,2008878,2018-01-24,2018-03-06,2018-01-05,Prabhu Capital Limited,Closed
LBL,Laxmi Bank Limited,1:01,31590304,2017-04-15,2017-05-20,2017-03-31,Siddhartha Capital Limited,Closed
LBL,Laxmi Bank Limited,10:03,7013606,2015-06-20,2015-07-25,2015-06-03,NMB Capital Ltd.,Closed
LEC,Liberty Energy Company Limited,1:0.50,7500000,2024-12-01,2024-12-22,2024-11-06,Prabhu Capital Limited,Closed
LGIL,Lumbini General Insurance Co. Ltd.,1:01,3900000,2017-07-13,2017-08-16,2017-06-27,CBIL Capital Ltd.,Closed
LGIL,Lumbini General Insurance Co. Ltd.,10:02,1760000,2019-11-10,2019-12-15,2019-10-14,CBIL Capital Limited,Closed
LGIL,Lumbini General Insurance Co. Ltd.,10:06.3,965910,2014-02-02,2014-03-08,2014-01-16,Ace Capital Ltd.,Closed
LICN,Life Insurance Co. Nepal,1:0.88,23468000,2024-11-27,2025-01-01,2024-10-25,Nepal SBI Merchant Banking Limited,Closed
LLBS,Laxmi Laghubitta Bittiya Sanstha Ltd.,1:01,1100000,2016-09-29,2016-11-07,2016-09-11,NMB Capital Limited,Closed
MBBL,Mahakali Bikas Bank Limited,1:02,800000,2014-05-04,2014-06-07,2014-04-04,Ace Capital Ltd.,Closed
MBL,Machhapuchhre Bank Limited,5:01,5552501,2015-10-03,2015-11-07,2015-08-17,Nabil Investment Banking Ltd.,Closed
MBL,Machhapuchhre Bank Limited,10:01.2,7918440,2017-07-19,2017-08-22,2017-05-30,NMB Capital Ltd.,Closed
MBL,Machhapuchhre Bank Limited,2:01,19322700,2016-12-03,2017-01-14,2017-01-15,Civil Capital Market Limited,Closed
MDB,Miteri Development Bank Limited,2:01,1056370,2016-10-16,2016-11-19,2016-09-22,Prabhu Capital Limited,Closed
MEGA,Mega  Bank Nepal Ltd.,4:01,8101438,2016-08-10,2016-09-13,2016-07-25,Global IME Capital limited,Closed
MEGA,Mega  Bank Nepal Ltd.,10:06.5,29785036,2017-09-11,2017-10-30,2017-01-19,Nabil Investment Banking Ltd.,Closed
MERO,Mero Microfinance Bittiya Sanstha Ltd.,1:01,3289000,2019-03-03,2019-04-07,2019-02-07,Global IME Capital Ltd,Closed
METRO,Metro Development Bank Limited,20:07,371000,2014-04-16,2014-05-20,2014-04-01,NCM Merchant Banking Ltd.,Closed
METRO,Metro Development Bank Limited,20:03,278504,2015-07-29,2015-08-22,2015-07-07,NCM Merchant Banking Ltd.,Closed
MFIL,Manjushree Finance Ltd.,01:01.8,4386375,2017-01-18,2017-02-21,2016-12-24,Ace Capital Ltd.,Closed
MFIL,Manjushree Finance Ltd.,100:05:00,362190,2018-03-21,2018-04-24,2018-02-21,Ace Capital Limited,Closed
MIDBL,Mission Development Bank Ltd.,2:01,575000,2015-10-06,2015-11-09,2015-09-29,Vibor capital Ltd.,Closed
MIDBL,Mission Development Bank Ltd.,1:01,1949250,2017-03-15,2017-04-18,2017-03-06,Vibor Capital Limited,Closed
MLBBL,Mithila LaghuBitta Bittiya Sanstha Limited,2:01,329890,2019-01-31,2019-03-13,2019-01-15,Kathmandu Capital Market Limited,Closed
MLBBL,Mithila LaghuBitta Bittiya Sanstha Limited,2:01,169740,2016-08-02,2016-09-05,2016-07-22,Civil Capital Markets Ltd.,Closed
MMDBL,Mount Makalu Development Bank Ltd.,2:01,345800,2017-11-22,2017-12-26,2017-11-03,NIBL Capital Market Limited,Closed
MMDBL,Mount Makalu Development Bank Ltd.,01:01.5,390000,2016-08-31,2016-10-04,2016-08-05,NIBL Capital Markets Ltd.,Closed
MMFDB,Mirmire Microfinance Development Bank Ltd.,1:01,450000,2018-07-10,2018-08-14,2018-06-01,NIBL ACE Capital Limited,Closed
MMFDB,Mirmire Microfinance Development Bank Ltd.,2:01,150000,2017-06-18,2017-07-22,2017-05-31,Prabhu Capital Ltd.,Closed
MNBBL,Muktinath Bikas Bank Ltd.,10:04,6170865,2017-08-19,2017-09-23,2017-08-04,NIBL Capital Market Ltd.,Closed
MNBBL,Muktinath Bikas Bank Ltd.,10:02,6129520,2019-08-29,2019-10-02,2019-08-16,Vibor Capital Limited,Closed
MNBBL,Muktinath Bikas Bank Ltd.,2:01,4192164,2016-10-06,2016-11-09,2016-09-15,NIBL Capital Market Limited,Closed
MNBBL,Muktinath Bikas Bank Ltd.,4:01,918750,2014-11-30,2015-01-03,2014-11-14,Growmore Merchant Banking Ltd.,Closed
MPFL,Multipurpose Finance Company  Limited,01:08.6,3585264,2019-07-08,2019-08-26,2019-06-26,Civil Capital Limited,Closed
MPFL,Multipurpose Finance Company  Limited,100:35,1582000,2023-08-27,2023-09-17,2023-07-28,Muktinath Capital Limited,Closed
MSBBL,Manaslu Bikas Bank Ltd.,2:01,917648,2016-08-06,2016-09-10,2016-07-21,Prabhu Capital Ltd.,Closed
MSBBL,Manaslu Bikas Bank Ltd.,4:01,300000,2015-01-17,2015-02-21,2015-01-02,Growmore Merchant Banking Ltd.,Closed
MSLB,Mahuli Laghubitta Bittiya Sanstha Limited,2:01,300000,2018-11-27,2018-12-31,2018-11-14,Sunrise Capital Limited,Closed
NABBC,Narayani Development Bank Limited,1:01,656169,2021-01-26,2021-02-15,2021-01-13,Global IME Capital Ltd.,Closed
NABBC,Narayani Development Bank Limited,1:1,2624676,2025-09-18,2025-10-08,2025-08-25,Global IME Capital Ltd,--
NABBC,Narayani Development Bank Limited,1:1,1312338,2021-12-22,2022-01-26,2021-12-10,Global IME Capital Limited,Closed
NADEP,Nadep Laghubittiya bittya Sanstha Ltd.,1:01,1600000,2018-12-09,2019-01-13,2018-11-23,Nabil Investment Banking Ltd.,Closed
NBB,Nepal Bangladesh Bank Limited,10:08,32094068,2017-04-19,2017-05-23,2017-03-30,Global IME Capital Limited,Closed
NBBL,NagBeli LaghuBitta Bikas Bank Ltd.,1:01,766463,2018-07-20,2018-08-23,2018-07-05,NMB Capital Limited,Closed
NBBL,NagBeli LaghuBitta Bikas Bank Ltd.,2:01,125000,2016-12-04,2017-01-22,2017-01-23,NMB Capital Limited,Closed
NBBL,NagBeli LaghuBitta Bikas Bank Ltd.,4:01,50000,2015-09-30,2015-10-31,2015-09-15,NMB Capital Ltd.,Closed
NBL,Nepal Bank Limited,01:09.5,36196176,2013-05-22,2013-06-25,2013-05-09,Civil Capital Market Ltd. and Citizens Investment Trust,Closed
NBL,Nepal Bank Limited,100:23.74,15431840,2017-04-19,2017-05-23,2017-04-11,Civil Capital Market lImited,Closed
NBSL,Namaste Bittiya Sanstha Ltd.,1:01,375000,2016-12-22,2017-01-25,2016-12-09,NMB Capital Limited,Closed
NCCB,Nepal Credit And Commercial Bank Limited,2:01,23395292,2018-08-19,2018-10-08,2018-07-31,Sunrise Capital Limited,Closed
NCDB,Nepal Consumer Development Bank Ltd.,01:01.2,2643539,2017-10-11,2017-11-14,2017-10-04,NIBL Capital Market Ltd.,Closed
NCDB,Nepal Consumer Development Bank Ltd.,1:01,1000000,2016-05-11,2016-06-14,2016-04-29,NIBL Capital Markets Ltd.,Closed
NDFL,Nava Durga Finance Co. Ltd.,5:01,253264,2012-06-12,2012-07-16,2012-06-12,Growmore Merchant Banker Ltd.,Closed
NEFL,Nepal Express Finance Ltd.,40:11.9,170000,2012-07-31,2012-09-03,2012-06-04,NCM Merchant Banking Ltd.,Closed
NFS,Nepal Finance Ltd.,10:7,3454474,2022-05-20,2022-06-09,2022-05-04,Prabhu Capital Limited,Closed
NFS,Nepal Finance Ltd.,01:01.3,1697506,2020-11-19,2020-12-09,2020-10-22,Prabhu Capital Limited,Closed
NGBL,Nilgiri Bikas Bank Limited,4:01,300000,2015-03-22,2015-04-25,2015-03-09,Global IME Capital Ltd.,Closed
NGBL,Nilgiri Bikas Bank Limited,01:00.7,425000,2013-12-02,2014-01-05,2013-11-08,Elite Capital Ltd.,Closed
NGPL,Ngadi Group Power Ltd.,1:1,18512792,2025-01-07,2025-02-11,2024-12-03,Siddhartha Capital Limited,Closed
NGPL,Ngadi Group Power Ltd.,1:1.5,10603986,2022-08-03,2022-08-23,2022-07-04,Siddhartha Capital Limited,Closed
NHPC,Nepal Hydro Developers Ltd.,10:5,8221460,2023-07-14,2023-08-03,2023-06-16,Muktinath Capital Limited,Closed
NICA,NIC Asia Bank Ltd.,100:15:00,8729475,2017-03-28,2017-05-01,2017-03-20,Civil Capital Markets Ltd.,Closed
NICA,NIC Asia Bank Ltd.,4:01,9237540,2016-05-25,2016-06-28,2016-05-13,Civil Capital Market Ltd.,Closed
NICL,Nepal Insurance Co. Ltd.,1:01,3019886,2018-04-17,2018-05-21,2018-04-06,NIBL Capital Market Ltd.,Closed
NICL,Nepal Insurance Co. Ltd.,01:00.6,4014652,2019-03-05,2019-04-08,2019-02-10,Global IME Capital Limited,Closed
NICL,Nepal Insurance Co. Ltd.,1:01,1319016,2014-04-14,2014-06-17,2014-03-30,Growmore Merchant Banking Ltd.,Closed
NICL,Nepal Insurance Co. Ltd.,1:0.34783,6576968,2025-07-22,2025-08-18,2025-06-13,NIMB Ace Capital Limited,Closed
NIL,Neco Insurance Co. Ltd.,10:08.5,1147784,2015-02-25,2015-03-31,2015-02-15,Civil Capital Market Ltd.,Closed
NIL,Neco Insurance Co. Ltd.,2:01,3920928,2018-02-08,2018-03-14,2018-01-23,NMB Capital Limited,Closed
NIL,Neco Insurance Co. Ltd.,1:0.25,5030902,2025-02-20,2025-03-27,2025-01-31,Sanima Capital Limited,Closed
NIL,Neco Insurance Co. Ltd.,1:01,3240436,2017-02-13,2017-03-19,2016-12-29,NMB Capital Ltd.,Closed
NLBBL,Nerude Laghubita Bikas Bank Limited,2:01,900000,2017-03-26,2017-04-29,2017-03-13,NCM Merchant Banking Ltd.,Closed
NLG,NLG Insurance Company Ltd.,10:06,3842438,2020-03-05,2020-07-09,2020-02-10,Laxmi Capital Market Limited,Closed
NLG,NLG Insurance Company Ltd.,1:0.62,9631220,2024-11-26,2024-12-31,2024-11-12,laxmi sunrise capital,Closed
NLG,NLG Insurance Company Ltd.,2:01,150000,2012-05-01,2012-06-05,2012-05-01,Civil Capital Market Ltd.,Closed
NLICL,National Life Insurance Co. Ltd.,10:06,9936478,2018-07-17,2018-09-04,2018-07-06,NIBL ACE Capital Limited,Closed
NMBMF,NMB  Microfinance Bittiya Sanstha Ltd.,01:01.5,2430094,2019-11-10,2019-12-15,2019-10-27,Sunrise Capital Limited,Closed
NMBMF,NMB  Microfinance Bittiya Sanstha Ltd.,01:01.2,552000,2016-11-20,2016-12-25,2016-11-03,Laxmi Capital Market Limited,Closed
ODBL,Om Development Bank Ltd.,10:03,4931835,2017-10-08,2017-11-11,2017-09-15,NIBL Capital Market Ltd.,Closed
PCBL,Prime Commercial Bank Ltd.,3:01,12350874,2016-08-27,2016-10-01,2016-08-04,Civil Capital Market Limited,Closed
PFL,Pokhara Finance Ltd.,1:0.15,983683,2018-01-13,2018-02-17,2017-12-29,NIBL Capital Market Limited,Closed
PIC,Premier Insurance Co. Ltd.,1:1.15,1346951,2015-03-29,2015-05-02,2015-03-10,Laxmi Capital Market Ltd.,Closed
PICL,Prudential Insurance Co. Ltd.,10:03,1283040,2017-12-30,2018-02-03,2017-12-01,NIC Asia Capital Limited,Closed
PICL,Prudential Insurance Co. Ltd.,10:06,3849120,2020-06-21,2020-07-03,2020-02-10,NMB Capital Ltd,Closed
PICL,Prudential Insurance Co. Ltd.,1:01,1250000,2014-01-05,2014-02-08,2013-12-23,NMB Capital Ltd.,Closed
PICL,Prudential Insurance Co. Ltd.,5:01,540000,2015-07-20,2015-08-23,2015-07-03,Global IME Capital Ltd.,Closed
PLIC,Prime Life Insurance Company Limited,01:01.6,9763200,2018-03-10,2018-04-14,2018-03-01,Siddhartha Capital Limited,Closed
PPL,People's Power Limited,1:0.5,3163000,2025-07-06,2025-08-12,2025-06-16,Prabhu Capital Limited,Closed
PRIN,Prabhu Insurance Ltd.,2:1,1925079,2017-04-11,2017-05-15,2017-03-19,Prabhu Capital Limited,Closed
PRIN,Prabhu Insurance Ltd.,01:0.46,3166678,2018-06-21,2018-07-26,2018-05-28,Prabhu Capital Ltd.,Closed
PROFL,ProgressiveFinance Limited,4:03,900000,2015-08-01,2015-09-05,2015-07-08,Growmore Merchant Banker Ltd.,Closed
PROFL,ProgressiveFinance Limited,01:02.8,5901000,2018-08-20,2018-10-09,2018-08-08,Sunrise Capital Ltd,Closed
PRVU,Prabhu  Bank Limited,10:04,23525608,2018-01-20,2018-03-06,2018-01-05,Sunrise Capital Limited,Closed
PRVU,Prabhu  Bank Limited,10:02,6417770,2016-02-27,2016-04-02,2015-10-01,Nabil Investment Banking Ltd.,Closed
PURBL,Pathibhara Bikas Bank Limited,4:01,880963,2017-07-02,2017-08-05,2017-05-30,Siddhartha Capital Limited,Closed
PURBL,Pathibhara Bikas Bank Limited,2:01,1008544,2016-08-16,2016-09-19,2016-08-04,Siddhartha Capital Limited,Closed
PURBL,Pathibhara Bikas Bank Limited,4:01,275000,2015-04-18,2015-05-23,2015-04-01,Ace Capital Ltd.,Closed
RADHI,Radhi Bidyut Company Ltd,1:1.4752,9535761,2022-09-21,2022-10-11,2022-08-28,Muktinath Capital Limited,Closed
RBSL,Resunga Bikas Bank Limited,1:01,306000,2011-06-26,2011-07-30,2011-06-03,Civil Capital Market Ltd,Closed
RFPL,River Falls Power Limited,1:1,7000000,2025-08-29,2025-09-28,2025-08-11,Prabhu Capital Limited,Open
RHGCL,Rapti Hydro And General Construction Limited,1:1,6127938,2025-06-15,2025-07-08,2025-05-20,Muktinath Capital Limited,Closed
RHPC,Ridi Hydropower Development Company Ltd.,10:03.5,1155000,2016-06-14,2016-07-18,2016-05-27,Global IME Capital Ltd.,Closed
RIDI,Ridi Power Company Limited,1:0.50,7744506,2024-03-01,2024-03-21,2024-02-05,Muktinath Capital Limited,Closed
RLFL,Reliance Finance Ltd.,10:04.5,2306572,2017-12-07,2018-01-25,2017-11-24,Sunrise Capital Limited,Closed
RSDC,RSDC Laghubitta Bittiya Sanstha Ltd.,1:02,2300000,2017-09-17,2017-11-05,2017-09-01,NIBL Capital Market Ltd,Closed
RSDC,RSDC Laghubitta Bittiya Sanstha Ltd.,5:03,2159700,2018-06-30,2018-08-05,2018-06-05,NIBL ACE Capital Ltd.,Closed
SADBL,Shangrila Development Bank Ltd.,4:01,1840000,2016-02-20,2016-03-26,2016-02-04,NMB Capital Ltd.,Closed
SADBL,Shangrila Development Bank Ltd.,10:08,10867799,2017-12-31,2018-02-11,2017-12-13,Prabhu Capital Limited,Closed
SAFL,Sagarmatha  Finance Limited,10:08,2954389,2016-12-25,2017-01-29,2016-12-09,NIBL Capital Market Limited,Closed
SANIMA,Sanima Bank Limited,10:03,15917617,2017-04-29,2017-06-03,2017-03-31,CBIL Capital Ltd.,Closed
SANIMA,Sanima Bank Limited,2:01,15301440,2016-06-25,2016-07-30,2016-06-07,Nabil Investment Banking Ltd,Closed
SBBLJ,Sahayogi Bikas Bank Limited,10:03.5,1101135,2017-05-14,2017-06-17,2017-04-28,NCM Merchant Banking Ltd.,Closed
SBI,Nepal SBI Bank Limited,10:04,19919424,2017-05-20,2017-06-24,2017-05-09,NMB Capital Ltd.,Closed
SBL,Siddhartha Bank Limited,10:03,15752578,2017-06-07,2017-07-11,2017-05-30,Laxmi Capital Market Ltd,Closed
SBL,Siddhartha Bank Limited,4:01,7555193,2016-10-26,2016-11-29,2016-10-03,Laxmi Capital Market Ltd.,Closed
SBL,Siddhartha Bank Limited,10:01,6826117,2018-02-13,2018-03-19,2018-02-05,Laxmi Capital Market Limited,Closed
SDBL,Siddhartha Development Bank Ltd.,10:06,8515006,2017-04-19,2017-05-23,2017-04-09,Nabil Investment Banking Limited,Closed
SDESI,Swadeshi Laghubitta Bittiya Sanstha Ltd.,1:01,1150000,2018-10-09,2018-11-12,2018-09-10,NIC Asia Capital Limited,Closed
SETI,Seti Finance Limited,01:01.5,951786,2016-11-15,2016-12-19,2016-10-26,NIBL Capital Markets Limited,Closed
SFCL,Samriddhi Finance Company Limited,2:1,2729705,2022-02-20,2022-03-13,2021-12-26,BOK Capital Market Limited,Closed
SFCL,Samriddhi Finance Company Limited,1:02,3639606,2020-10-02,2020-10-22,2020-08-25,BOK Capital Limited,Closed
SFFIL,Shrijana Finance  (Bittaya Sanstha),10:06,2764692,2019-10-04,2019-11-22,2019-09-23,Sunrise Capital Limited,Closed
SFFIL,Shrijana Finance  (Bittaya Sanstha),1:02,560000,2013-04-28,2013-06-01,2013-01-19,NCM Merchant Banking Ltd.,Closed
SFFIL,Shrijana Finance  (Bittaya Sanstha),2:01,672000,2016-02-07,2016-03-12,2016-01-19,NCM Merchant Banking Ltd.,Closed
SHBL,Sahara Bikas Bank Ltd.,01:01.5,354000,2016-09-29,2016-11-02,2016-09-07,Global IME Capital Limited,Closed
SHBL,Sahara Bikas Bank Ltd.,01:02.5,1824870,2018-05-19,2018-07-08,2018-04-23,NIBL Capital Market Limited,Closed
SHEL,Singati Hydro Energy Limited,1:1,14500000,2024-02-14,2024-03-05,2024-01-07,Kumari Capital Limited,Closed
SHINE,Shine Resunga Development Bank Ltd.,2:01,1919182,2014-05-22,2014-06-25,2014-05-11,Growmore Merchant Banking Ltd.,Closed
SHPC,Sanima Mai Hydropower Ltd.,1:01,10550000,2017-08-10,2017-09-13,2017-07-25,Sunrise Capital Ltd,Closed
SICL,Shikhar Insurance Co. Ltd.,2:01,875000,2014-04-12,2014-05-17,2014-04-02,NIBL Capital Mrkets Ltd.,Closed
SICL,Shikhar Insurance Co. Ltd.,10:3,5275572,2022-03-15,2022-04-04,2022-02-04,NIBL Ace Capital Limited,Closed
SICL,Shikhar Insurance Co. Ltd.,10:3,3171932,2020-06-28,2020-07-19,2020-02-25,Nibl Ace Capital Limited,Closed
SIFC,Shree Investment Finance Co. Ltd.,10:8.3,2867226,2018-01-28,2018-03-03,2018-01-14,Siddhartha Capital Limited,Closed
SIL,Siddhartha Insurance Ltd.,10:3.5,2244974,2018-06-30,2018-08-05,2018-05-15,NMB Capital Limited,Closed
SIL,Siddhartha Insurance Ltd.,10:09,1188000,2013-11-30,2014-01-04,2013-11-14,NMB Capital Ltd.,Closed
SIL,Siddhartha Insurance Ltd.,5.2:1,862125,2017-05-10,2017-06-13,2017-04-28,Laxmi Capital Market Ltd.,Closed
SINDU,Sindhu Bikash Bank Ltd,10:08,2097540,2017-09-02,2017-10-21,2017-08-25,NIBL Capital Market Ltd,Closed
SINDU,Sindhu Bikash Bank Ltd,1:01,1209375,2016-08-06,2016-09-10,2016-07-22,NIBL Capital Markets Ltd.,Closed
SKBBL,Sana Kisan Bikas Bank Ltd,2:01,1153412,2015-12-10,2016-01-13,2015-11-24,Nabil investment Banking Ltd.,Closed
SKDBL,Saptakoshi Development Bank Ltd.,1:01,1000000,2017-01-07,2017-02-11,2016-12-23,NMB Capital Limited,Closed
SKDBL,Saptakoshi Development Bank Ltd.,01:01.3,2743000,2017-07-13,2017-08-24,2017-06-28,NMB Capital Ltd.,Closed
SLBBL,Swarojgar Laghubitta Bittiya Sanstha Ltd.,100:50:00,349994,2017-06-14,2017-07-18,2017-05-31,NMB Capital Limited,Closed
SLBBL,Swarojgar Laghubitta Bittiya Sanstha Ltd.,1:01,1224978,2018-07-28,2018-09-02,2018-07-12,NMB Capital Limited,Closed
SLBBL,Swarojgar Laghubitta Bittiya Sanstha Ltd.,1:01,200000,2015-06-25,2015-07-29,2015-06-14,NMB Capital Ltd.,Closed
SLBS,Suryodaya Laghubitta Bittiya Sanstha Ltd.,01:00.7,280000,2018-03-08,2018-04-11,2018-02-09,Global IME Capital Limited,Closed
SLICL,Surya Life Insurance Company Limited,10:02.2,887000,2013-09-02,2013-10-06,2013-08-20,Elite Capital Ltd.,Closed
SLICL,Surya Life Insurance Company Limited,10:04,2887500,2018-05-13,2018-06-17,2018-04-18,NIC Asia Capital Limited,Closed
SLICL,Surya Life Insurance Company Limited,10:07,8874096,2019-08-25,2019-09-29,2019-08-14,NIC Asia Capital Ltd.,Closed
SLICL,Surya Life Insurance Company Limited,4:01,125000,2016-08-03,2016-09-06,2016-07-12,Laxmi Capital market Limited,Closed
SMATA,Samata Gharelu Laghubitta Bittiya Sanstha Limited,1:02,1213440,2019-10-14,2019-11-17,2019-09-18,NIBL ACE Capital Limited,Closed
SMATA,Samata Gharelu Laghubitta Bittiya Sanstha Limited,2:01,189600,2018-07-11,2018-08-14,2018-06-26,NIBL ACE Capital Ltd,Closed
SMBF,Shiva Shree Hydropower Ltd,4:01,412500,2014-04-28,2014-06-01,2014-04-10,Citizen Investment Trust,Closed
SMFDB,Summit Laghubitta Bittiya Sanstha Limited,1:01,725000,2017-09-13,2017-10-17,2017-08-25,Sanima Capital Limited,Closed
SNLI,Sun Nepal Life Insurance Company Limited,1:0.27,10696320,2025-05-13,2025-06-17,2025-04-18,Nepal SBI Merchant Banking Limited,Closed
SPDL,Synergy Power Development Ltd.,2:1,4032875,2023-08-20,2023-09-17,2023-07-28,Sanima Capital Limited,Closed
SRBL,Sunrise Bank Limited,100:15:00,3690473,2016-01-24,2016-01-29,2016-01-10,Civil Capital Market Ltd.,Closed
SRBL,Sunrise Bank Limited,10:01,2236650,2015-03-05,2015-04-08,2015-02-18,Civil Capital Market Ltd.,Closed
SRBL,Sunrise Bank Limited,10:03,16359636,2017-05-29,2017-07-02,2017-05-13,Prabhu Capital Ltd.,Closed
SSHL,Subhechha Bikas Bank Limited,1:1,14764000,2025-09-04,2025-09-24,2025-08-01,Citizens Capital Limited,Open
SYFL,Synergy Finance Ltd.,01:00.3,1186022,2018-07-08,2018-08-28,2018-06-13,Prabhu Capital Limited,Closed
TBBL,Triveni Bikas Bank Limited,2:01,678500,2012-02-23,2012-03-28,2011-12-12,Ace Capital Ltd.,Closed
TBBL,Triveni Bikas Bank Limited,2:01,4100076,2016-11-07,2016-12-11,2016-10-17,Ace Capital Limited,Closed
TBBL,Triveni Bikas Bank Limited,10:03,745181,2013-10-01,2013-11-05,2013-09-20,Ace Capital Ltd.,Closed
TDBL,Triveni Bikas Bank Limited,1:01,9197712,2017-03-25,2017-05-08,2017-03-10,NIBL Capital Market Limited,Closed
TNBL,Tourism Development Bank Limited,10:03.5,1194796,2017-05-01,2017-06-04,2017-04-19,Siddhartha Capital Limited,Closed
TNBL,Tourism Development Bank Limited,4:01,546193,2016-03-10,2016-04-13,2016-02-28,Siddhartha Capital Ltd.,Closed
TNBL,Tourism Development Bank Limited,4:01,322000,2014-08-14,2014-09-17,2014-07-30,Citizen Investment Trust,Closed
TPC,Terhathum Power Company Limited,1:1,4000000,2025-06-30,2025-07-20,2025-05-18,Nabil Investment Banking Ltd.,Closed
TPC,Terhathum Power Company Limited,1:1,4000000,2025-06-30,2025-07-27,2025-05-19,Nabil Investment Banking Ltd.,Closed
UFIL,Unique Finance Ltd.,1:01,1000000,2011-09-25,2011-10-29,2011-09-15,Nabil Investment Banking Ltd.,Closed
UFIL,Unique Finance Ltd.,1:01,1000000,2011-09-25,2011-11-19,2011-09-15,Nabil Investment Banking Ltd.,Closed
UFL,United Finance Ltd.,4:01,1159836,2016-07-13,2016-09-10,2016-07-04,Nabil Investment Banking Limited,Closed
UIC,United Insurance Co. (Nepal) Ltd.,01:02.4,7257600,2019-08-20,2019-10-10,2019-07-30,NMB Capital Limited,Closed
UIC,United Insurance Co. (Nepal) Ltd.,01:01.5,1512000,2015-04-25,2015-05-30,2015-03-29,Global IME Capital Ltd.,Closed
UMB,Unnati Sahakarya Laghubitta Bittiya Sanstha Limited Promoter Share,5:01,110000,2019-02-25,2019-03-31,2019-01-30,Siddhartha Capital Ltd.,Closed
UPPER,Upper Tamakoshi Hydropower Ltd,1:1,105900000,2023-09-04,2023-10-09,2023-08-11,Sunrise Capital Limited & CIT,Closed
WDBL,Western Development Bank Limited,3:02,400000,2013-11-09,2013-12-14,2013-10-07,Growmore Merchant Banker Ltd.,Closed
WDBL,Western Development Bank Limited,1:01,1569600,2016-12-06,2017-01-24,2017-01-25,Prabhu Capital Limited,Closed
WOMI,Womi Microfinance Bittiya Sanstha Ltd.,1:01,1010880,2019-07-25,2019-08-28,2019-07-12,Siddhartha Capital Limited,Closed
WOMI,Womi Microfinance Bittiya Sanstha Ltd.,2:01,180000,2016-08-28,2016-10-01,2016-08-05,Siddhartha Capital Limited,Closed
WOMI,Womi Microfinance Bittiya Sanstha Ltd.,10:03,233280,2018-05-29,2018-07-03,2018-05-18,Siddhartha Capital Limited,Closed
