sn,Name,Symbol,Category,First Traded Price,First Traded Date,Last Traded Price,Last Traded Date,Note
1,Api Finance Limited,xAFL,Finance Company,240.0,2010-04-15,107.0,2012-07-23,
2,Axis Development Bank Limited,xADBL,Development Banks,240.0,2010-04-15,91.0,2013-10-07,
3,Bank of Asia Nepal Limited,xBOANL,Commercial Banks,300.0,2010-04-15,228.0,2012-06-28,
4,Bhrikuti Vikash Bank Limited,xBVBL,Commercial Banks,212.0,2010-04-15,378.0,2014-09-29,
5,Business Universal Development Bank Ltd.,xBUDBL,Development Banks,189.0,2010-04-15,269.0,2016-01-07,
6,Deva Bikas Bank Limited,xDBBL,Development Banks,172.0,2010-04-15,147.0,2020-07-06,
7,Fewa Bikas Bank Ltd. Promoter Share,xFBBLPS,Promoter Share,230.0,2010-04-15,209.0,2016-06-13,
8,Gorkha Finance Ltd.,xGFL,Finance Company,197.0,2010-04-15,84.0,2012-06-20,
9,Grand Bank Nepal Limited,xGBNL,Commercial Banks,250.0,2010-04-15,184.0,2015-01-29,
10,Gurkha Development Bank Limited,xGDBL,Development Banks,426.0,2010-04-15,25.0,2015-01-06,
11,Infrastructure Development Bank Ltd.,xIDBL,Development Banks,263.0,2010-04-15,196.0,2015-11-26,
12,Kailash Bikas Bank Ltd.,xKBBL,Development Banks,249.0,2010-04-15,238.0,2019-07-04,
13,Kaski Finance Limited,xKFL,Finance Company,221.0,2010-04-15,277.0,2015-08-02,
14,Lumbini Bank Limited,xLBL,Commercial Banks,245.0,2010-04-15,401.0,2015-12-24,
15,Madhyamanchal Gramin Development Bank Ltd.,xMGDBL,Development Banks,219.0,2010-04-15,131.0,2010-05-24,
16,Mahalaxmi BikasBank Limited,xMBL,Development Banks,198.0,2010-04-15,228.0,2017-03-14,
17,Narayani National Finance Limited,xNNFL,Finance Company,294.0,2010-04-15,340.0,2016-02-29,
18,Om Finance Ltd.,xOFL,Finance Company,400.0,2010-04-15,320.0,2015-07-14,
19,Paschimanchal Finance Co. Ltd.,xPFCL,Finance Company,178.0,2010-04-15,363.0,2016-06-01,
20,Public Development Bank Limited,xPDBL,Development Banks,160.0,2010-04-15,185.0,2014-07-01,
21,Sagarmatha  Finance Limited,xSFL,Finance Company,229.0,2010-04-15,226.0,2017-03-02,
22,Siddhartha Development Bank Ltd.,xSDBL,Development Banks,190.0,2010-04-15,,2017-04-20,
23,Supreme Development Bank Ltd.,xSDBL,Development Banks,139.0,2010-04-15,210.0,2015-11-26,
24,Ace Development Bank Ltd.,xADBL,Development Banks,246.0,2010-04-19,445.0,2016-08-07,
25,Clean Energy Development Bank Limited,xCEDBL,Development Banks,510.0,2010-04-19,273.0,2014-12-01,
26,Fewa Finance Co. Ltd.,xFFCL,Finance Company,345.0,2010-04-19,223.0,2014-12-21,
27,Mahakali Bikas Bank Limited,xMBBL,Development Banks,234.0,2010-04-19,304.0,2016-06-01,
28,Shikhar Finance Limited,xSFL,Finance Company,181.0,2010-04-19,110.0,2011-05-30,
29,IME Financial Institution,xIFI,Finance Company,590.0,2010-04-20,201.0,2012-02-02,
30,Imperial Financial Inst. Ltd.,xIFIL,Finance Company,285.0,2010-04-20,124.0,2012-02-15,
31,Lord Buddha Finance Limited,xLBFL,Finance Company,180.0,2010-04-20,128.0,2011-10-09,
32,Standard Finance Ltd.,xSFL,Finance Company,182.0,2010-04-20,96.0,2011-12-11,
33,Nepal Express Finance Ltd.,xNEFL,Finance Company,243.0,2010-04-21,302.0,2015-11-09,
34,Reliable Development Bank Limited,xRDBL,Development Banks,350.0,2010-04-21,523.0,2016-09-29,
35,Biratlaxmi Bikas Bank Limited,xBBBL,Development Banks,450.0,2010-04-22,400.0,2016-06-06,
36,Patan Finance Limited,xPFL,Finance Company,279.0,2010-04-22,122.0,2014-07-10,
37,NABIL Bank Limited Promotor Share,xNBLPS,Promoter Share,1846.0,2010-04-25,301.1,2024-10-27,
38,Siddhartha Development Bank Limited Promoter Share,xSDBLPS,Promoter Share,118.0,2010-04-25,150.0,2016-11-23,
39,Alpic Everest Finance Co. Ltd.,xAEFCL,Finance Company,388.0,2010-04-26,154.0,2011-10-12,
40,Pathibhara Bikas Bank Limited,xPBBL,Development Banks,324.0,2010-04-26,314.0,2014-09-29,
41,Bhrikuti Bikash Bank Limited Promoter Share,xBBBLPS,Promoter Share,124.0,2010-04-27,110.0,2014-09-01,
42,Lumbini Finance Ltd.,xLFL,Finance Company,345.0,2010-04-27,241.0,2017-02-06,
43,Civil Merchant Bittiya Santha Ltd.,xCMBSL,Others,236.0,2010-04-28,95.0,2013-09-26,
44,Alpic Everest Finance Limited Promotor Share,xAEFLPS,Promoter Share,170.0,2010-04-29,130.0,2011-10-02,
45,Nepal Shree Lanka Merchant Banking & Finance Ltd,xNSLMBFL,Finance Company,89.0,2010-04-29,75.0,2010-08-01,
46,NIDC Capital Markets Ltd.,xNCML,Finance Company,422.0,2010-04-29,600.0,2016-09-25,
47,Peoples Finance Ltd.,xPFL,Finance Company,192.0,2010-04-29,140.0,2014-11-12,
48,Universal Finance Ltd.,xUFL,Finance Company,201.0,2010-04-29,149.0,2011-09-13,
49,Triveni Bikas Bank Limited,xTBBL,Development Banks,303.0,2010-05-09,346.0,2016-10-27,
50,Apex Development Bank Ltd.,xADBL,Development Banks,270.0,2010-05-10,155.0,2015-11-26,
51,Bagheshwori Development Bank Limited,xBDBL,Development Banks,505.0,2010-05-10,147.0,2013-02-25,
52,Gandaki Bikas BankLimited,xGBB,Development Banks,483.0,2010-05-11,561.0,2016-09-08,
53,Gorkha Finance Limited Promoter Share,xGFLPS,Promoter Share,154.0,2010-05-13,154.0,2010-10-28,
54,Nepal Bangladesh Bank Limited Promoter Share,xNBBLPS,Promoter Share,220.0,2010-05-13,116.0,2020-07-29,
55,Nava Durga Finance Co. Ltd.,xNDFCL,Finance Company,235.0,2010-05-16,114.0,2014-02-09,
56,Nepal Housing & Merchant Finance Ltd.,xNHMFL,Finance Company,295.0,2010-05-16,198.0,2014-05-13,
57,Paschimanchal Bikash Bank Limited,xPBBL,Development Banks,287.0,2010-05-16,283.0,2015-01-28,
58,Bank of Kathmandu Limited Promoter Share,xBOKLPS,Promoter Share,740.0,2010-05-18,141.0,2022-06-13,
59,Kumari Bank Limited Promotor Share,xKBLPS,Promoter Share,350.0,2010-05-18,111.0,2025-06-24,
60,Nepal Aawas Finance Limited,xNAFL,Finance Company,263.0,2010-05-18,127.0,2015-09-16,
61,Premier Finance Co. Ltd.,xPFCL,Finance Company,295.0,2010-05-18,146.0,2015-03-04,
62,Subhechha Bikas Bank Limited,xSBBL,Development Banks,548.0,2010-05-18,349.0,2016-04-20,
63,Prudential Finance Company Limited,xPFCL,Finance Company,188.0,2010-05-19,144.0,2014-12-07,
64,Society Development Bank Ltd.,xSDBL,Development Banks,429.0,2010-05-19,133.0,2015-12-23,
65,Birgunj Finance Ltd.,xBFL,Finance Company,342.0,2010-05-20,174.0,2011-02-06,
66,Maha Laxmi Finance Ltd.,xMLFL,Finance Company,343.0,2010-05-20,309.0,2016-03-13,
67,CMB Finance Limited,xCFL,Finance Company,175.0,2010-05-26,102.0,2012-01-31,
68,Yeti Finance Ltd.,xYFL,Finance Company,275.0,2010-05-26,141.0,2013-02-28,
69,Sanima Bank Ltd. Promoter Share,xSBLPS,Promoter Share,275.0,2010-05-30,167.0,2025-02-24,
70,Resunga Bikas Bank Limited,xRBBL,Development Banks,353.0,2010-06-01,126.0,2012-06-14,
71,Capital Merchant Bank. & Fin. Promoter Share,xCMBFPS,Promoter Share,208.0,2010-06-02,,2018-09-23,
72,Gurkhas Finance  Ltd. Promoter Share,xGFLPS,Promoter Share,170.0,2010-06-03,331.0,2025-04-21,
73,Siddharth Finance Ltd.,xSFL,Finance Company,700.0,2010-06-06,234.0,2016-03-14,
74,Union Finance Co. Ltd.,xUFCL,Finance Company,453.0,2010-06-06,176.0,2017-03-21,
75,NCM Mutual Fund,xNMF,Mutual Fund,28.56,2010-06-08,27.0,2012-11-22,
76,Everest Finance Ltd.,xEFL,Finance Company,422.0,2010-06-09,190.0,2015-12-27,
77,Nepal Credit & Commercial Bank Ltd. Promoter Share,xNCCBLPS,Promoter Share,209.0,2010-06-09,119.38,2022-12-15,
78,Universal Finance Limited Promoter Share,xUFLPS,Promoter Share,130.0,2010-06-09,130.0,2011-01-11,
79,Kasthamandap Development Bank Limited,xKDBL,Development Banks,278.0,2010-06-10,500.0,2016-10-02,
80,Pokhara Finance Company Limited Promoter Share,xPFCLPS,Promoter Share,200.0,2010-06-20,221.0,2025-06-25,
81,NMB Bank Limited Promoter Share,xNBLPS,Promoter Share,150.0,2010-06-23,123.0,2025-06-29,
82,Goodwill Finance Limited Promoter,xGFLP,Promoter Share,185.0,2010-06-24,110.0,2022-04-24,
83,Infrastructure Development Bank Limited Promoter Share,xIDBLPS,Promoter Share,135.0,2010-06-29,100.0,2015-05-28,
84,Progressive Finance Limited Promoter Share,xPFLPS,Promoter Share,138.0,2010-06-30,118.0,2025-06-19,
85,Royal Merchant Bank & Finance Co. Ltd. Promoter Share,xRMBFCLPS,Promoter Share,227.0,2010-07-08,223.0,2010-07-11,
86,Best Finance Co. Limited Promoter Share,xBFCLPS,Promoter Share,115.0,2010-07-14,324.0,2025-06-02,
87,Narayani National Finance Company Limited Promoter Share,xNNFCLPS,Promoter Share,121.0,2010-07-26,132.0,2015-05-24,
88,Paschimanchal Bikash Bank Ltd. Promoter Share,xPBBLPS,Promoter Share,181.0,2010-07-29,124.0,2015-01-25,
89,Peoples Finance Limited Promoter Share,xPFLPS,Promoter Share,167.0,2010-08-05,167.0,2010-08-05,
90,Malika Development Bank Limited Promoter Share,xMDBLPS,Promoter Share,190.0,2010-08-19,104.0,2015-08-20,
91,Lumbini Bank Limited Promotor Share,xLBLPS,Promoter Share,237.0,2010-08-22,190.0,2015-04-16,
92,ICFC Finance Limited Promotor Share,xIFLPS,Promoter Share,116.0,2010-08-29,369.0,2024-12-26,
93,Bhajuratna Finance & Saving Co. Ltd.,xBFSCL,Finance Company,168.0,2010-09-08,116.0,2011-11-27,
94,Standard Finance Limited Promoter Share,xSFLPS,Promoter Share,110.0,2010-09-23,108.0,2011-12-07,
95,Nilgiri Bikas Bank Limited,xNBBL,Development Banks,335.0,2010-10-06,270.0,2015-04-23,
96,Suryadarshan Finance Company Limited,xSFCL,Finance Company,333.0,2010-10-20,94.0,2011-09-07,
97,Alpine Development Bank Limited,xADBL,Development Banks,295.0,2010-10-24,258.0,2017-03-16,
98,Zenith Finance Limited,xZFL,Finance Company,389.0,2010-11-02,172.0,2014-04-13,
99,Grand Bank Limited Promoter Share,xGBLPS,Promoter Share,229.0,2010-11-04,120.0,2014-06-11,
100,ACE Development Bank Limited Promoter Share,xADBLPS,Promoter Share,344.0,2010-11-10,128.0,2016-02-03,
101,Udhyam Bikas Bank Limited,xUBBL,Development Banks,359.0,2010-11-10,85.0,2012-04-12,
102,Swastik Merchant Finance Co. Ltd.,xSMFCL,Finance Company,282.0,2010-11-18,102.0,2011-08-28,
103,Subha Laxmi Finance Co. Ltd.,xSLFCL,Finance Company,325.0,2010-11-24,86.0,2013-06-25,
104,Gaurishankar Development Bank Ltd.,xGDBL,Development Banks,333.0,2010-11-30,176.0,2014-04-13,
105,Unique Finance Ltd.,xUFL,Finance Company,298.0,2010-11-30,353.0,2016-08-01,
106,IME Financial Institution Promoter Share,xIFIPS,Promoter Share,325.0,2010-12-02,208.0,2011-12-26,
107,Patan Finance Limited Promoter Share,xPFLPS,Promoter Share,126.0,2010-12-16,126.0,2010-12-16,
108,Seti Finance Limited,xSFL,Finance Company,349.0,2010-12-22,220.0,2017-05-24,
109,Yeti Finance Ltd. Promoter Share,xYFLPS,Promoter Share,146.0,2010-12-23,130.0,2011-01-02,
110,MachhaPuchhre  Bank Limited Promotor Share,xMBLPS,Promoter Share,213.0,2011-02-01,100.0,2025-04-13,
111,Gaurishankar Development Bank Ltd. Promoter Share,xGDBLPS,Promoter Share,142.0,2011-02-06,100.0,2012-05-10,
112,Kabeli Bikas Bank Limited,xKBBL,Development Banks,207.0,2011-02-08,180.0,2019-01-17,
113,Civil Merchant  Bittiya Sanstha Limited Promoter Share,xCMBSLPS,Promoter Share,101.0,2011-02-14,101.0,2011-03-16,
114,Butwal Finance Limited Promoter Share,xBFLPS,Promoter Share,199.0,2011-02-23,199.0,2011-02-23,
115,Valley Finance Limited,xVFL,Finance Company,379.0,2011-03-15,93.0,2013-02-26,
116,Western Development Bank Limited,xWDBL,Development Banks,330.0,2011-03-15,231.0,2018-07-10,
117,Araniko Development Bank Limited,xADBL,Development Banks,336.0,2011-03-16,370.0,2016-10-16,
118,Tinau Development Bank Limited,xTDBL,Development Banks,333.0,2011-03-16,166.0,2019-03-17,
119,Janaki Finance Limited Promoter Share,xJFLPS,Promoter Share,226.0,2011-03-23,349.0,2024-09-10,
120,Everest Finance Limited Promoter Share,xEFLPS,Promoter Share,321.0,2011-03-28,321.0,2011-03-28,
121,Professional Bikas Bank Ltd.,xPBBL,Development Banks,316.0,2011-04-21,74.0,2012-10-11,
122,KIST Bank Limited Promoter Share,xKBLPS,Promoter Share,130.0,2011-05-24,112.0,2014-09-07,
123,Siddhartha Bank Limited Promoter Share,xSBLPS,Promoter Share,109.0,2011-06-05,175.0,2025-07-06,
124,Nepal Express Finance Limited Promoter Share,xNEFLPS,Promoter Share,115.0,2011-07-12,102.0,2014-06-11,
125,Shree Investment & Finance Co. Ltd. Promoter Share,xSIFCLPS,Promoter Share,195.0,2011-07-12,232.5,2025-05-05,
126,CMB Finance Ltd. Promoter Share,xCFLPS,Promoter Share,100.0,2011-07-14,100.0,2011-07-14,
127,Supreme Development Bank Ltd. Promoter Share,xSDBLPS,Promoter Share,100.0,2011-08-08,100.0,2015-11-26,
128,Rara Bikas Bank Limited,xRBBL,Development Banks,395.0,2011-08-11,82.0,2012-07-23,
129,Country Development Bank Ltd.,xCDBL,Development Banks,395.0,2011-09-05,235.0,2016-06-06,
130,Triveni Bikas Bank Ltd Promoter Share,xTBBLPS,Promoter Share,125.0,2011-10-02,173.0,2016-09-14,
131,Om Finance Limited Promoter Share,xOFLPS,Promoter Share,150.0,2011-11-02,160.0,2015-06-18,
132,Purnima Bikas Bank Ltd.,xPBBL,Development Banks,318.0,2011-11-10,188.0,2019-03-10,
133,Union Finance Co. Ltd. Promoter Share,xUFCLPS,Promoter Share,120.0,2011-11-14,100.0,2017-02-19,
134,Biratlaxmi Development Bank Ltd. Promoter Share,xBDBLPS,Promoter Share,110.0,2011-11-17,108.0,2011-12-27,
135,Laxmi Bank Limited Promoter Share,xLBLPS,Promoter Share,128.0,2011-11-17,100.0,2023-06-05,
136,Sahayogi Bikas Bank Ltd. Promoter Share,xSBBLPS,Promoter Share,150.0,2011-11-28,117.0,2018-10-28,
137,Clean Energy Development Bank Ltd. Promoter Share,xCEDBLPS,Promoter Share,105.0,2012-01-04,100.0,2013-04-28,
138,Hama Merchant & Finance Ltd.,xHMFL,Finance Company,304.0,2012-01-10,314.0,2016-09-04,
139,Imperial Finance Ltd Promoter Share,xIFLPS,Promoter Share,108.0,2012-02-26,108.0,2012-02-26,
140,Society  Development Bank Limited Promoter Share,xSDBLPS,Promoter Share,101.0,2012-03-13,102.0,2015-03-01,
141,Bagheshowari Development Bank  Ltd. Promoer Share,xBDBLPS,Development Banks,138.0,2012-03-26,147.0,2012-05-09,
142,Nepal Investment Bank Ltd. Promoter Share,xNIBLPS,Promoter Share,171.0,2012-04-02,230.0,2023-01-10,
143,Prabhu Finance Ltd. Promoter Share,xPFLPS,Promoter Share,118.0,2012-04-02,115.0,2013-11-26,
144,Bagmati Development Bank Ltd.,xBDBL,Development Banks,112.0,2012-06-05,398.0,2016-05-17,
145,Citizens Bank Internatioal Limited Promoter Share,xCBILPS,Promoter Share,100.0,2012-06-13,111.0,2025-05-06,
146,Maha Laxmi Finance Co. Ltd. Promoter Share,xMLFCLPS,Promoter Share,101.0,2012-06-17,101.0,2012-06-17,
147,NIDC Capital Markets Ltd. Promoter Share,xNCMLPS,Promoter Share,151.0,2012-07-15,151.0,2013-02-12,
148,International Leasing & Finance Co. Ltd.,xILFCL,Finance Company,201.0,2012-07-17,199.0,2016-01-25,
149,Shrijana Finance Ltd. Promoter Share,xSFLPS,Promoter Share,101.0,2012-08-05,138.0,2019-09-18,
150,Gulmi Bikas Bank Ltd.,xGBBL,Development Banks,200.0,2012-08-16,141.0,2013-05-28,
151,Kanchan Development Bank Limited,xKDBL,Development Banks,200.0,2012-08-16,283.0,2020-02-09,
152,Tourism Development Bank Limited,xTDBL,Development Banks,179.0,2012-08-22,427.0,2017-01-19,
153,Kailash Bikas Bank Ltd. Promoter Share,xKBBLPS,Promoter Share,185.0,2012-09-10,128.0,2019-06-30,
154,Global IME Bank Ltd. Promoter Share,xGIBLPS,Promoter Share,128.0,2012-09-16,114.0,2025-07-02,
155,Metro Development Bank Limited,xMDBL,Development Banks,163.0,2012-10-17,321.0,2015-11-09,
156,Pacific Development Bank Limited,xPDBL,Development Banks,115.0,2012-10-17,468.0,2016-06-14,
157,Nepal Consumer Development Bank Ltd.,xNCDBL,Development Banks,175.0,2012-11-11,88.0,2013-09-19,
158,Siddhartha Investment Growth Scheme-1,xSIGS,Mutual Fund,11.0,2013-01-21,20.09,2017-12-21,
159,Innovative Development Bank Ltd.,xIDBL,Development Banks,125.0,2013-01-27,418.0,2016-06-22,
160,Kakre Bihar Bikash Bank Ltd,xKBBBL,Development Banks,160.0,2013-02-27,411.0,2016-06-02,
161,Civic Development Bank Ltd,xCDBL,Development Banks,300.0,2013-03-05,458.0,2015-03-12,
162,Bright Development Bank Ltd,xBDBL,Development Banks,122.0,2013-03-13,138.0,2014-07-01,
163,Sunrise Bank Ltd Promoter Share,xSBLPS,Promoter Share,101.0,2013-03-21,128.0,2022-07-21,
164,International Development Bank Ltd,xIDBL,Development Banks,108.0,2013-03-24,205.0,2015-11-26,
165,Khandbari Development Bank Ltd,xKDBL,Development Banks,150.0,2013-04-08,150.0,2013-04-08,
166,Rising Development Bank Ltd.,xRDBL,Development Banks,112.0,2013-04-23,280.0,2014-07-13,
167,Nabil Balance Fund 1,xNBF1,Mutual Fund,11.0,2013-05-06,16.65,2018-04-12,
168,Commerz and Trust Bank Nepal Ltd.,xCATBNL,Commercial Banks,149.0,2013-05-16,215.0,2013-11-10,
169,Reliable Development Bank Ltd. Promoter Share,xRDBLPS,Promoter Share,101.0,2013-06-05,200.0,2016-08-11,
170,Prime Commercial Bank Promoter Share,xPCBPS,Promoter Share,162.0,2013-06-13,105.0,2025-06-17,
171,Siddhartha Finance Ltd. Promoter,xSFLP,Promoter Share,102.0,2013-06-23,100.0,2015-09-10,
172,Kasthamandap Dev. Bank Ltd Promoter Share,xKDBLPS,Promoter Share,100.0,2013-06-27,153.0,2016-07-25,
173,Subbecha Bikas Bank Ltd. Promoter Share,xSBBLPS,Promoter Share,100.0,2013-07-08,102.0,2015-11-16,
174,Kaski Finanace Ltd. Promoter,xKFLP,Promoter Share,100.0,2013-07-15,120.0,2015-07-09,
175,NIC Asia Bank Limted Promoter Share,xNABLPS,Promoter Share,700.0,2013-08-07,331.3,2024-06-18,
176,Seti Finance Ltd. Promoter Share,xSFLPS,Promoter Share,100.0,2013-08-15,100.0,2015-09-22,
177,Himalayan Bank Ltd. Promoter,xHBLP,Promoter Share,296.0,2013-09-29,133.0,2025-07-02,
178,Om Development Bank Ltd. Promoter,xODBLP,Promoter Share,130.0,2013-10-03,114.0,2018-08-19,
179,Mahakali Bikas Bank Ltd. Promoter,xMBBLP,Promoter Share,100.0,2013-10-06,128.0,2016-03-31,
180,Dev BikasBank Ltd. Promoter Share,xDBLPS,Promoter Share,100.0,2013-10-07,102.0,2019-12-29,
181,Namaste Bittiya Sanstha Ltd.,xNBSL,Finance Company,280.0,2013-10-07,550.0,2017-04-09,
182,Jebils Finance Ltd.,xJFL,Finance Company,117.0,2013-10-08,146.0,2019-03-07,
183,Jhimruk Bikas Bank Ltd.,xJBBL,Development Banks,105.0,2013-10-17,384.0,2016-01-14,
184,Professional Diyalo Bikas Bank Ltd.,xPDBBL,Development Banks,105.0,2013-10-23,377.0,2016-06-30,
185,Jyoti Bikash  Bank Ltd. Promoter Share,xJBBLPS,Promoter Share,100.0,2013-10-27,187.0,2025-06-24,
186,Prabhu Bikas Bank Limited,xPBBL,Development Banks,145.0,2013-10-27,240.0,2014-04-03,
187,Tinau Development Bank Ltd. Promoter,xTDBLP,Promoter Share,100.0,2013-10-31,178.0,2017-08-13,
188,National Life Insurance Co. Ltd. Promoter Share,xNLICLPS,Promoter Share,620.0,2013-11-14,343.0,2025-04-13,
189,Surya Life Insurance Co. Ltd. Promoter Share,xSLICLPS,Promoter Share,110.0,2013-11-14,372.0,2022-03-21,
190,Manaslu Bikas Bank Ltd.,xMBBL,Development Banks,105.0,2013-12-10,500.0,2016-10-06,
191,Nepal Life Insurance Co. Ltd. Promoter,xNLICLP,Promoter Share,1725.0,2014-01-05,413.0,2025-06-12,
192,Prabhu Insurance Company Ltd. Promoter,xPICLP,Promoter Share,100.0,2014-01-08,451.0,2022-03-30,
193,Everest Bank Ltd.Promoter,xEBL,Promoter Share,1045.0,2014-02-17,1045.0,2019-02-14,
194,Sewa Bikas Bank Ltd. Promoter,xSBBLP,Promoter Share,145.0,2014-02-23,360.0,2016-10-05,
195,Mission Development Bank Ltd.,xMDBL,Development Banks,102.0,2014-03-04,162.0,2019-03-17,
196,Asian Life Insurance Co. Ltd Promoter Share,xALICLPS,Promoter Share,385.0,2014-03-09,388.0,2025-01-07,
197,Nepal Community Development Bank Ltd.,xNCDBL,Development Banks,165.0,2014-03-17,145.0,2019-05-21,
198,Cosmos Development Bank Ltd.,xCDBL,Development Banks,200.0,2014-03-18,428.0,2016-12-27,
199,Matribhumi Development Bank Ltd.,xMDBL,Development Banks,118.0,2014-03-19,267.0,2015-11-29,
200,NagBeli LaghuBitta Bikas Bank Ltd.,xNLBBL,Development Banks,449.0,2014-04-30,588.0,2019-05-13,
201,Unique Finance Ltd. Promoter Share,xUFLPS,Promoter Share,100.0,2014-05-18,100.0,2014-05-21,
202,Prudential Finance Co. Ltd. Promoter,xPFCLP,Promoter Share,55.0,2014-05-27,51.0,2014-07-16,
203,Shikhar Insurance Co. Ltd. Promoter,xSICLP,Promoter Share,419.0,2014-06-11,461.0,2025-02-06,
204,United Finance Company Limited Promoter Share,xUFCLPS,Promoter Share,274.0,2014-06-15,107.0,2020-10-18,
205,Deprosc LaghuBitta Promoter Share,xDLPS,Promoter Share,,2014-06-18,440.0,2023-07-13,
206,Taragaon Regency Hotels Ltd. Preference Share,xTRHLPS,Preferred Stock,67.2,2014-06-25,67.2,2014-07-07,
207,Miteri Development Bank Ltd. Promoter Share,xMDBLPS,Promoter Share,244.0,2014-06-29,379.0,2024-11-27,
208,Hama Merchant & Finance Ltd. Promoter Share,xHMFLPS,Promoter Share,102.0,2014-07-07,102.0,2015-10-19,
209,Excel Development Bank Ltd. Promoter Share,xEDBLPS,Promoter Share,325.0,2014-07-13,408.0,2025-02-12,
210,Guheyshwori Merchant & Finance Ltd. Promoter Share,xGMFLPS,Promoter Share,140.0,2014-07-16,264.0,2025-05-21,
211,Mount Makalu Development Bank Ltd.,xMMDBL,Development Banks,250.0,2014-09-07,673.0,2017-05-11,
212,Neco Insurace Co. Ltd. Promoter,xNICLP,Promoter Share,140.0,2014-09-14,436.0,2024-06-23,
213,Ekata Bikas Bank Ltd.,xEBBL,Development Banks,365.0,2014-09-18,316.0,2015-09-06,
214,Nepal Aawas Finance Limited Promoter Share,xNAFLPS,Promoter Share,101.0,2014-09-28,,2015-08-13,
215,Mahalxmi Bikas Bank Ltd. Promotor Share,xMBBLPS,Promoter Share,100.0,2014-10-19,155.0,2024-09-16,
216,Sagarmatha Insurance Co. Ltd. Promoter Share,xSICLPS,Promoter Share,636.0,2014-10-19,709.0,2021-11-18,
217,Araniko Development Bank Limited Promoter Share,xADBLPS,Promoter Share,100.0,2014-10-22,115.0,2016-09-29,
218,Guras Life Insurance Company Ltd. Promoter Share,xGLICLPS,Promoter Share,308.0,2014-10-27,382.0,2022-03-16,
219,Garima Bikas Bank Limited Promoter Share,xGBBLPS,Promoter Share,200.0,2014-11-02,201.3,2025-06-25,
220,Synergy Finance Ltd. Promoter Share,xSFLPS,Promoter Share,100.0,2014-11-04,100.0,2017-04-18,
221,Gaumukhee Bikas Bank Ltd.,xGBBL,Development Banks,102.0,2014-11-06,489.0,2015-09-01,
222,Lumbini Bikas Bank Ltd. Promoter Share,xLBBLPS,Promoter Share,102.0,2014-11-23,261.0,2024-10-27,
223,Kalinchowk Development Bank Ltd.,xKDBL,Development Banks,221.0,2014-11-24,229.0,2016-04-19,
224,Bishwa Bikas Bank Limited Promoter Share,xBBBLPS,Promoter Share,155.0,2014-12-18,155.0,2014-12-18,
225,Siddhartha Insurance Ltd. Promoter Share,xSILPS,Promoter Share,380.0,2014-12-29,532.0,2021-11-02,
226,NMB Sulav Investment Fund-1,xNSIF,Mutual Fund,11.0,2015-01-01,10.34,2019-10-17,
227,Bhargav Bikash Bank Ltd. Promoter Share,xBBBLPS,Promoter Share,105.0,2015-01-04,163.0,2017-12-28,
228,Prabhu  Bank Limited Promoter Share,xPBLPS,Promoter Share,100.0,2015-01-05,110.0,2025-07-06,
229,Western Development Bank Limited Promoter Share,xWDBLPS,Promoter Share,115.0,2015-01-07,162.0,2015-12-13,
230,IME General Insurance  Ltd. Promoter Share,xIGILPS,Promoter Share,81.55,2015-01-08,296.0,2022-06-26,
231,Rastriya Beema Company Limited Promoter Share,xRBCLPS,Promoter Share,3100.0,2015-01-08,11781.5,2025-07-07,
232,Lumbini Finance Ltd Promoter Share,xLFLPS,Promoter Share,123.0,2015-02-23,123.0,2015-12-22,
233,Country Development Bank Ltd. Promoter Share,xCDBLPS,Promoter Share,100.0,2015-03-19,100.0,2015-03-19,
234,Paschimanchal Finance Co. Ltd. Promoter Share,xPFCLPS,Promoter Share,115.0,2015-03-23,115.0,2015-03-23,
235,Business Universal Development Bank Ltd. Promoter Share,xBUDBLPS,Promoter Share,105.0,2015-03-25,134.0,2015-11-18,
236,Muktinath Bikas Bank Ltd. Promoter Share,xMBBLPS,Promoter Share,285.0,2015-03-29,221.0,2025-04-10,
237,Central Finance Co. Ltd. Promoter Share,xCFCLPS,Promoter Share,100.0,2015-06-21,168.0,2023-11-08,
238,Laxmi Value Fund-1,xLVF,Mutual Fund,10.2,2015-06-24,9.64,2020-03-19,
239,Kamana Sewa Bikas Bank Limited Promoter Share,xKSBBLPS,Promoter Share,170.0,2015-06-28,169.0,2025-06-16,
240,Bhaktapur Finance Co. Ltd.,xBFCL,Finance Company,153.0,2015-07-14,165.0,2016-04-06,
241,Raptibheri Bikas Bank Ltd.,xRBBL,Development Banks,308.0,2015-07-14,365.0,2017-03-28,
242,Pacific Development Bank Ltd. Promoter Share,xPDBLPS,Promoter Share,245.0,2015-07-23,241.0,2015-07-28,
243,Bagmati Development Bank Ltd. Promoter Share,xBDBLPS,Promoter Share,146.0,2015-07-27,146.0,2015-07-27,
244,Professional Diyalo Bikas Bank Ltd. Promoter Share,xPDBBLPS,Promoter Share,100.0,2015-08-20,100.0,2016-04-20,
245,Lalitpur Finance Co. Ltd. Promoter Share,xLFCLPS,Promoter Share,165.0,2015-08-23,103.0,2018-09-18,
246,Hathway Finance Company Limited Promoter Share,xHFCLPS,Promoter Share,50.0,2015-09-13,100.0,2018-09-10,
247,Swabalamban Laghubitta Bittiya Sanstha Limited Promoter Share,xSLBSLPS,Promoter Share,883.0,2015-12-01,782.0,2024-08-06,
248,Tourism Development Bank Ltd. Prmoter Share,xTDBLPS,Development Banks,125.0,2015-12-13,237.0,2017-01-08,
249,Prudential Insurance Co. Ltd. Promoter Share,xPICLPS,Promoter Share,222.0,2015-12-17,257.8,2023-01-25,
250,Shangrila Development Bank Ltd. Promoter Share,xSDBLPS,Promoter Share,200.0,2015-12-29,197.0,2025-06-30,
251,Reliance Finance Ltd. Promoter Share,xRFLPS,Promoter Share,100.0,2016-01-11,303.0,2025-02-16,
252,Sagarmatha  Finance Limited Promoter Share,xSFLPS,Promoter Share,100.0,2016-01-14,275.0,2016-12-07,
253,First Micro Finance Laghubitta Bittiya Sanstha Limited Promoter Share,xFMFLBSLPS,Promoter Share,463.0,2016-02-17,280.5,2025-03-16,
254,Saptakoshi Development Bank Ltd.,xSDBL,Development Banks,316.0,2016-04-05,122.0,2019-01-17,
255,Kanchan Development Bank Limited Promoter Share,xKDBLPS,Promoter Share,211.0,2016-04-26,113.0,2019-02-26,
256,Sajha Bikas Bank Ltd.,xSBBL,Development Banks,251.0,2016-04-26,219.0,2017-04-06,
257,Civil Bank Ltd Promoter Share,xCBLPS,Promoter Share,128.0,2016-06-05,130.0,2023-02-22,
258,Nepal Insurance Co. Ltd Promoter Share,xNICLPS,Promoter Share,,2016-06-14,300.0,2025-02-10,
259,Karnali Development Bank Limited Promoter Share,xKDBLPS,Promoter Share,165.0,2016-07-10,217.0,2022-04-05,
260,Kankai Bikas Bank Ltd. Promoter Share,xKBBLPS,Promoter Share,248.0,2016-07-14,110.0,2018-05-31,
261,Janata Bank Nepal Ltd. Promoter Share,xJBNLPS,Promoter Share,260.0,2016-07-25,100.0,2019-08-26,
262,Swarojgar Laghu Bitta Bikas Bank Ltd. Promoter Share,xSLBBBLPS,Promoter Share,1221.0,2016-07-27,410.0,2024-02-22,
263,Chhimek Laghubitta Bikas Bank Limited Promoter Share,xCLBBLPS,Promoter Share,1100.0,2016-08-04,949.0,2021-11-22,
264,Summit Laghubitta Bittiya Sanstha Limited Promoter Share,xSLBSLPS,Promoter Share,1420.0,2016-10-04,390.7,2023-04-26,
265,Sindhu Bikas Bank Ltd. Promoter Share,xSBBLPS,Promoter Share,250.0,2016-10-19,188.0,2024-03-13,
266,Mission Development Bank Ltd. Promoter Share,xMDBLPS,Promoter Share,251.0,2016-11-24,121.0,2018-04-03,
267,Manjushree Finance Ltd. Promoter Share,xMFLPS,Promoter Share,200.0,2016-12-08,267.6,2024-06-23,
268,Mega  Bank Nepal Ltd. Promoter Share,xMBNLPS,Promoter Share,260.0,2016-12-15,124.0,2023-01-10,
269,NLG Insurance Company Ltd. Promoter Share,xNICLPS,Promoter Share,,2016-12-18,,2016-12-18,
270,Kalika Laghubitta Bittiya Sanstha Ltd Promoter Share,xKLBSLPS,Promoter Share,800.0,2017-02-02,589.0,2025-05-27,
271,Himalayan General Insurance Co. Ltd Promoter Share,xHGICLPS,Promoter Share,580.0,2017-02-22,225.0,2018-03-27,
272,City Express Finance Co. Ltd. Promoter Share,xCEFCLPS,Promoter Share,,2017-03-29,100.0,2019-09-01,
273,NagBeli LaghuBitta Bikas Bank Ltd. Promoter Share,xNLBBLPS,Promoter Share,1900.0,2017-04-30,370.0,2019-03-12,
274,Purnima Bikas Bank Ltd. Promoter Share,xPBBLPS,Promoter Share,229.0,2017-05-09,210.48,2019-04-04,
275,Samriddhi Finance Company Limited Promoter Share,xSFCLPS,Promoter Share,101.0,2017-05-11,164.0,2023-06-21,
276,Corporate Development Bank Ltd. Promoter Share,xCDBLPS,Promoter Share,100.0,2017-06-15,100.0,2017-06-15,
277,Hamro Bikas Bank Ltd. Promoter Share,xHBBLPS,Promoter Share,140.0,2017-06-27,108.0,2018-07-03,
278,Century Commercial Bank Ltd. Promoter Share,xCCBLPS,Promoter Share,209.0,2017-07-09,103.0,2022-12-14,
279,Rural Microfinance Development Centre Ltd. Promoter Share,xRMDCLPS,Promoter Share,,2017-07-10,327.0,2022-07-26,
280,Jebils Finance Ltd. Promoter Share,xJFLPS,Promoter Share,130.0,2017-08-07,130.0,2017-08-27,
281,United Insurance Co. (Nepal) Ltd. Promoter Share,xUICLPS,Promoter Share,,2017-08-17,337.0,2022-04-19,
282,Nepal Community Development Bank Ltd. Promoter Share,xNCDBLPS,Promoter Share,200.0,2017-09-24,104.0,2019-05-16,
283,Gandaki Bikas Bank Limited Promoter Share,xGBBLPS,Promoter Share,200.0,2017-10-08,122.0,2019-09-22,
284,Sana Kisan Bikas Bank Ltd Promoter Share,xSKBBLPS,Promoter Share,,2017-11-23,,2017-11-23,
285,Prime Life Insurance Company Limited Promoter Share,xPLICLPS,Promoter Share,950.0,2017-12-05,375.0,2022-04-26,
286,Grameen Bikas Laghubitta Bittiya Sanstha Ltd. Promoter Share,xGBLBSLPS,Promoter Share,,2017-12-19,564.0,2023-06-18,
287,Multipurpose Finance Company  Limited Promoter Share,xMFCLPS,Promoter Share,160.0,2017-12-24,321.0,2025-06-23,
288,Nepal Finance Ltd. Promoter Share,xNFLPS,Promoter Share,101.0,2018-01-24,163.0,2024-08-25,
289,Nirdhan Utthan Bank Limited Promoter Share,xNUBLPS,Promoter Share,,2018-11-04,600.0,2021-07-01,
290,Mirmire Microfinance Development Bank Ltd. Promoter Share,xMMDBLPS,Promoter Share,510.0,2018-12-05,586.0,2022-01-02,
291,Naya Sarathi Laghubitta Bittiya Sanstha Limited Promoter Share,xNSLBSLPS,Promoter Share,260.0,2019-03-13,367.0,2023-06-21,
292,Shine Resunga Development Bank Ltd. Promoter Share,xSRDBLPS,Promoter Share,130.0,2019-03-17,228.0,2025-05-08,
293,Lumbini General Insurance Co. Ltd. Promoter Share,xLGICLPS,Promoter Share,227.0,2019-07-28,331.0,2021-03-07,
294,Tinau Mission Development Bank Limited Promoter Share,xTMDBLPS,Promoter Share,125.0,2019-10-22,100.0,2020-09-08,
295,NMB  Microfinance Bittiya Sanstha Ltd. Promoter Share,xNMBSLPS,Promoter Share,592.0,2019-10-23,592.0,2019-10-23,
296,Green Development Bank Ltd. Promoter Share,xGDBLPS,Promoter Share,100.0,2019-11-21,277.0,2024-07-08,
297,Nerude Laghubita Bikas Bank Limited Promoter Share,xNLBBLPS,Promoter Share,100.0,2019-12-26,100.0,2022-02-13,
298,Womi Microfinance Bittiya Sanstha Ltd. Promoter Share,xWMBSLPS,Promoter Share,497.0,2020-08-17,883.0,2021-06-17,
299,Premier Insurance Co. Ltd. Promoter Share,xPICLPS,Promoter Share,426.0,2020-10-22,625.0,2021-03-15,
300,SURYODAYA LAGHUBITTA BITTIYA SANSTHA LIMITED PROMOTER SHARE,xSLBSLPS,Promoter Share,531.0,2020-11-12,1111.0,2021-05-05,
301,ADHIKHOLA LAGHUBITTA BITTIYA SANSTHA LIMITED PROMOTER SHARE,xALBSLPS,Promoter Share,256.0,2020-11-18,256.0,2020-11-18,
302,Saptakoshi Development Bank Ltd Promoter Share,xSDBLPS,Promoter Share,102.0,2020-11-22,698.0,2025-07-02,
303,Everest Insurance Co. Ltd. Promoter Share,xEICLPS,Promoter Share,315.0,2020-11-26,325.2,2022-05-08,
304,RSDC Laghubitta Bittiya Sanstha Ltd. Promoter Share,xRLBSLPS,Promoter Share,330.0,2020-12-07,310.0,2023-12-03,
305,Vijaya laghubitta Bittiya Sanstha Ltd. Promoter Share,xVLBSLPS,Promoter Share,571.0,2020-12-14,458.0,2025-06-18,
306,National Microfinance Bittiya Sanstha Ltd. Promoter,xNMBSLP,Promoter Share,100.0,2021-02-14,1537.0,2022-01-20,
307,Forward Community Microfinance Bittiya Sanstha Ltd Promoter Share,xFCMBSLPS,Promoter Share,100.0,2021-02-16,80.0,2021-09-26,
308,Mithila LaghuBitta Bikas Bank Ltd. Promoter Share,xMLBBLPS,Promoter Share,908.0,2021-03-04,401.0,2025-04-08,
309,Mahuli Laghubitta Bittiya Sanstha Limited Promoter,xMLBSLP,Promoter Share,1370.0,2021-03-21,658.0,2025-06-16,
310,Civil Laghubitta Bittiya Sanstha Promoter,xCLBSP,Promoter Share,665.0,2021-04-15,418.0,2022-07-17,
311,Janautthan Samudayic Laghubitta Bikas Bank Ltd. Promoter Share,xJSLBBLPS,Promoter Share,2464.0,2021-04-21,546.0,2024-04-02,
312,Kisan Lagubitta Bittiya Sanstha Limited Promoter Share,xKLBSLPS,Promoter Share,889.0,2021-07-12,545.0,2024-06-30,
313,Mero Microfinance Bittiya Sanstha Ltd. Promoter Share,xMMBSLPS,Promoter Share,100.0,2021-07-15,226.0,2023-07-11,
314,NIC ASIA Laghubitta Bittiya Sanstha Limited Promoter Share,xNALBSLPS,Promoter Share,650.0,2021-11-25,504.2,2022-10-12,
315,Jeevan Bikas Laghubitta  Bittya Sanstha Ltd Promoter,xJBLBSLP,Promoter Share,100.0,2022-02-15,100.0,2025-07-02,
316,Chhimek Laghubitta Bittiya Sanstha Limited Promoter,xCLBSLP,Promoter Share,696.0,2022-03-24,526.0,2024-12-08,
317,Support Microfinance Bittiya Sanstha Ltd. Promoter Share,xSMBSLPS,Promoter Share,1001.0,2022-04-13,750.0,2025-04-09,
318,Nerude Laghubitta Bittiya Sanstha Limited Promoter,xNLBSLP,Promoter Share,401.0,2022-04-21,401.0,2024-02-08,
319,Premier Insurance Company (Nepal) Limited Promoter Share,xPICLPS,Promoter Share,625.0,2022-04-25,625.0,2022-05-10,
320,Forward Microfinance Laghubitta Bittiya Sanstha Limited Promoter,xFMLBSLP,Promoter Share,1199.0,2022-05-11,300.0,2024-03-26,
321,Samata Gharelu Laghubitta Bittiya Sanstha Limited Promoter,xSGLBSLP,Promoter Share,466.0,2022-06-21,443.0,2025-06-02,
322,Global IME Laghubitta Bittiya Sanstha Ltd. Promoter Share,xGILBSLPS,Promoter Share,638.0,2022-07-04,695.0,2025-04-10,
323,Asha Laghubitta Bittiya Sanstha Ltd Promoter Share,xALBSLPS,Promoter Share,685.0,2022-07-05,442.0,2025-06-08,
324,Garima Debenture 2085,xGD2,Corporate Debenture,1000.0,2022-07-22,750.0,2022-11-02,
325,National Microfinance Laghubitta Bittiya Sanstha Limited Promoter,xNMLBSLP,Promoter Share,1152.0,2022-07-24,1115.0,2023-01-25,
326,Suryodaya Womi Laghubitta Bittiya Sanstha Limited Promoter,xSWLBSLP,Promoter Share,443.0,2022-08-22,399.0,2025-06-24,
327,Hydorelectricity Investment and Development Company Limited Promoter,xHIADCLP,Promoter Share,103.7,2022-08-26,206.7,2025-07-07,
328,Himalayan Everest Insurance Limited Promoter,xHEILP,Promoter Share,231.0,2022-08-30,375.0,2025-07-07,
329,Infinity Laghubitta Bittiya Sanstha Limited Promoter Share,xILBSLPS,Promoter Share,524.0,2022-09-14,439.4,2025-05-26,
330,Mirmire Laghubitta Bittya Sanstha Limited Promoter,xMLBSLP,Promoter Share,576.0,2022-09-15,278.0,2024-03-12,
331,Sabaiko Laghubitta Bittiya Sanstha Limited,SABSL,Microfinance,320.0,2019-08-22,1045.0,2024-07-11,
332,Global IME Balanced Fund-1,GIBF1,Mutual Fund,8.0,2022-11-03,10.59,2025-07-07,
333,Everest Bank Limited,EBL,Commercial Banks,532.0,2022-11-03,655.14,2025-07-07,
334,"Garima Debenture""",GBBD85,Corporate Debenture,750.0,2022-11-03,1027.0,2024-10-22,
335,Sikles Hydropower Limited,SIKLES,Hydropower,321.0,2022-11-15,869.88,2025-07-07,
336,Khaptad Laghubitta Bittiya Sanstha Limited,KLBS,Microfinance,303.2,2022-11-16,836.0,2023-07-04,
337,10.25% Nepal SBI Bank Debenture 2083,SBID83,Corporate Debenture,922.4,2022-11-28,1102.6,2025-06-29,
338,8.5% Prabhu Bank Debenture 2087,PBLD87,Corporate Debenture,1000.0,2022-11-30,1033.1,2025-07-03,
339,NMB Debenture 8.50% - 2087/88,NMBD87/88,Corporate Debenture,1000.0,2022-11-30,1055.7,2025-07-06,
340,Narayani Development Bank Limited Promoter,NABBCP,Promoter Share,202.0,2022-12-01,308.3,2024-12-19,
341,Global IME Bank Limited,GBIME,Commercial Banks,221.4,2022-12-07,238.38,2025-07-07,
342,Peoples Hydropower Company Limited,PHCL,Hydropower,270.0,2022-12-14,497.93,2025-07-07,
343,Eastern Hydropower Limited,EHPL,Hydropower,237.6,2022-12-14,556.5,2025-07-07,
344,Shrijanshil Laghubitta Bittiya Sanstha Limited,SHLB,Microfinance,996.6,2022-12-20,1898.21,2025-07-07,
345,Adhikhola Laghubitta Bittiya Sanstha Limited,AKBSL,Microfinance,273.0,2019-08-26,919.0,2023-03-13,
346,Barahi Hydropower Public Limited,BHPL,Hydropower,213.7,2023-01-04,740.31,2025-07-07,
347,Sanima GIC Insurance Limited,SGIC,Non life insurance,404.2,2023-01-23,560.46,2025-07-07,
348,SuryaJyoti Life Insurance Company Limited,SJLIC,Life insurance,408.7,2023-01-25,439.69,2025-07-07,
349,Sabaiko Laghubitta Bittiya Sanstha Limited Promoter,SABSLP,Promoter Share,523.0,2023-02-09,523.0,2023-02-09,
350,Aarambha Chautari Laghubitta Bittiya Sanstha Limited Promoter Share,ACLBSLP,Promoter Share,437.0,2023-02-16,556.0,2024-10-22,
351,Nepal Investment Mega Bank Limited,NIMB,Commercial Banks,216.0,2023-02-23,214.6,2025-07-07,
352,Unique Nepal Laghubitta Bittiya Sanstha Limited,UNLB,Microfinance,989.4,2023-02-28,2118.95,2025-07-07,
353,SuryaJyoti Life Insurance Company Limited Promoter,SJLICP,Promoter Share,351.0,2023-03-02,245.0,2025-01-06,
354,Super Madi Hydropower Limited,SMHL,Hydropower,328.9,2023-03-05,982.56,2025-07-07,
355,Shuvam Power Limited,SPL,Hydropower,291.5,2023-03-07,812.67,2025-07-07,
356,NIFRA Uraj Rinpatra7%-2085/86,NIFRAUR85/86,Corporate Debenture,1000.0,2023-03-15,1000.1,2025-07-07,
357,Sanima Growth Fund,SAGF,Mutual Fund,10.0,2023-03-15,10.04,2025-07-07,
358,Nepal Investment Mega Bank Ltd. Promoter Share,NIMBPO,Promoter Share,111.3,2023-03-20,164.4,2025-07-07,
359,Maya Khola Hydropower Company Limited,MKHC,Hydropower,292.0,2023-03-22,414.44,2025-07-07,
360,Asian Hydropower Limited,AHL,Hydropower,328.6,2023-03-23,604.66,2025-07-07,
361,Kalinchowk Darshan Limited,KDL,Hotels & Tourism,139.7,2023-03-23,1111.08,2025-07-07,
362,Super Mai Hydropower Limited,SMH,Hydropower,430.1,2023-03-27,865.0,2025-07-07,
363,NMB Sulav Investment Fund - 2,NSIF2,Mutual Fund,10.0,2023-04-03,10.8,2025-07-07,
364,Siddhartha Premier Insurance Limited,SPIL,Non life insurance,573.9,2023-04-04,811.79,2025-07-07,
365,Siddhartha Premier Insurance Limited Promoter Share,SPILPO,Promoter Share,0.0,2023-04-04,426.0,2024-07-14,
366,Sanima Middle Tamor Hydropower Limited,TAMOR,Hydropower,324.5,2023-04-10,505.47,2025-07-07,
367,Sagarmatha Jalabidhyut Company Limited,SMJC,Hydropower,340.0,2023-04-13,517.56,2025-07-07,
368,Molung Hydropower Company Limited,MHCL,Hydropower,155.1,2023-04-13,446.03,2025-07-07,
369,Sunrise Focused Equity Fund,SFEF,Mutual Fund,10.0,2023-04-20,9.91,2025-07-07,
370,NIBL Growth Fund,NIBLGF,Mutual Fund,9.0,2023-04-27,9.13,2025-07-07,
371,Aatmanirbhar Laghubitta Bittiya Sanstha Limited,ANLB,Microfinance,436.9,2023-05-02,5559.46,2025-07-07,
372,BPW Laghubitta Bittiya Sanstha Limited,BPW,Microfinance,237.7,2023-05-04,1141.5,2024-03-06,
373,Makar Jitumaya Suri Hydropower Limited,MAKAR,Hydropower,255.0,2023-05-07,602.02,2025-07-07,
374,Swabhimaan Laghubitta Bittiya Sanstha LTD Promoter share,SMFBSP,Promoter Share,490.0,2023-05-09,490.0,2023-05-09,
375,Sagarmatha Lumbini Insurance Co. Limited,SALICO,Non life insurance,560.5,2023-05-15,714.03,2025-07-07,
376,Mai Khola Hydropower Limited,MKHL,Hydropower,301.5,2023-05-16,779.92,2025-07-07,
377,Sanima Reliance Life Insurance Limited,SRLI,Life insurance,404.8,2023-05-21,402.84,2025-07-07,
378,IGI Prudential insurance Limited,IGI,Non life insurance,407.9,2023-06-04,546.38,2025-07-07,
379,Dolti Power Company Limited,DOLTI,Hydropower,287.1,2023-06-08,558.6,2025-07-07,
380,Bhugol Energy Development Company Limited,BEDC,Hydropower,223.0,2023-06-08,714.12,2025-07-07,
381,Prabhu Smart Fund,PRSF,Mutual Fund,9.81,2023-06-08,11.2,2025-07-07,
382,City Hotel Limited,CITY,Hotels & Tourism,122.2,2023-06-11,830.53,2025-07-07,
383,Menchhiyam Hydropower Limited,MCHL,Hydropower,255.2,2023-06-18,525.27,2025-07-07,
384,Ingwa Hydropower Limited,IHL,Hydropower,320.9,2023-06-20,559.19,2025-07-07,
385,Himalayan Life Insurance Limited,HLI,Life insurance,381.1,2023-06-22,401.27,2025-07-07,
386,Modi Energy Limited,MEL,Hydropower,243.0,2023-07-05,309.37,2025-07-07,
387,Rawa Energy Development Limited,RAWA,Hydropower,274.2,2023-07-05,798.23,2025-07-07,
388,10.25% Citizens Bank Debenture 2086,CIZBD86,Corporate Debenture,1040.0,2023-07-10,1178.7,2025-05-20,
389,United Ajod Insurance Limited,UAIL,Non life insurance,538.4,2023-07-17,563.84,2025-07-07,
390,Samaj Laghubittya Bittiya Sanstha Limited,SAMAJ,Microfinance,72.1,2023-07-17,2217.0,2025-07-07,
391,Himalayan Laghubitta Bittiya Sanstha Limited,HLBSL,Microfinance,819.0,2023-07-20,962.3,2025-07-07,
392,RBB Mutual Fund 2,RMF2,Mutual Fund,9.85,2023-07-30,9.84,2025-07-07,
393,IME Life Insurance Company Limited,ILI,Life insurance,582.4,2023-08-06,447.34,2025-07-07,
394,Nepal Republic Media Limited,NRM,Others,275.4,2023-08-06,458.47,2025-07-07,
395,Ghorahi Cement Industry Limited,GCIL,Manufacturing And Processing,509.0,2023-08-13,500.87,2025-07-07,
396,Upper Syange Hydropower Limited,USHL,Hydropower,278.9,2023-08-13,608.33,2025-07-07,
397,Three Star Hydropower Limited,TSHL,Hydropower,280.5,2023-08-13,660.57,2025-07-07,
398,Citizens Super 30 Mutual Fund,C30MF,Mutual Fund,9.81,2023-08-14,9.63,2025-07-07,
399,National Laghubitta Bittiya Sanstha Limited,NMFBS,Microfinance,1171.9,2023-08-16,1265.61,2025-07-07,
400,Kutheli Bukhari Small Hydropower Limited,KBSH,Hydropower,526.9,2023-08-21,1910.0,2025-07-07,
401,Laxmi Sunrise Bank Limited,LSL,Commercial Banks,181.2,2023-08-28,219.51,2025-07-07,
402,Nadep Laghubitta Bittiya Sanstha Ltd. Promoter Share,NADEPP,Promoter Share,291.0,2023-08-28,291.0,2023-08-28,
403,Laxmi Sunrise Bank Limited Promoter Share,LSLPO,Promoter Share,0.0,2023-08-29,100.0,2025-07-06,
404,Himalayan Life Insurance Limited Promoter Share,HLIPO,Promoter Share,241.0,2023-08-29,221.5,2025-07-02,
405,Unnati Sahakarya Laghubitta Bittiya Sanstha Limited Promoter Share,USLBP,Promoter Share,100.0,2023-08-30,100.0,2023-08-30,
406,Reliable Nepal Life Insurance Limited,RNLI,Life insurance,495.0,2023-09-17,471.33,2025-07-07,
407,Laxmi Value Fund 2,LVF2,Mutual Fund,10.0,2023-09-21,10.15,2025-07-07,
408,Sun Nepal Life Insurance Company Limited,SNLI,Life insurance,470.0,2023-09-21,488.1,2025-07-07,
409,Manakamana Engineering Hydropower Limited,MEHL,Hydropower,225.0,2023-09-25,423.25,2025-07-07,
410,Upper Lohore Khola Hydropower Company Limited,ULHC,Hydropower,264.0,2023-09-25,468.36,2025-07-07,
411,Citizen Life Insurance Company Limited,CLI,Life insurance,457.2,2023-10-01,472.94,2025-07-07,
412,Sana Kisan Bikas Laghubitta Bittiya Sanstha Limited Promoter,SKBBLP,Promoter Share,100.0,2023-10-04,100.0,2025-04-07,
413,Sadhana Laghubitta Bittiya Sanstha Limited Promoter Shares,SDLBSLP,Promoter Share,338.0,2023-10-09,327.0,2024-02-29,
414,Mandu Hydropower Limited,MANDU,Hydropower,410.5,2023-10-11,879.67,2025-07-07,
415,Hathway Investment Nepal Limited,HATHY,Investment,313.7,2023-10-11,1207.37,2025-07-07,
416,Bhagawati Hydropower Development Company Limited,BGWT,Hydropower,397.2,2023-10-12,981.61,2025-07-07,
417,Mid Solu Hydropower Limited,MSHL,Hydropower,330.0,2023-10-12,840.15,2025-07-07,
418,Sonapur Minerals And Oil Limited,SONA,Manufacturing And Processing,315.0,2023-10-29,452.76,2025-07-07,
419,8.5% Machhapuchchhre Debenture 2087,MBLD87,Corporate Debenture,1000.0,2023-11-08,1039.5,2025-07-07,
420,Mathillo Mailun Khola Jalvidhyut Limited,MMKJL,Hydropower,259.6,2023-11-20,611.71,2025-07-07,
421,Citizen Investment Trust Promoter Share,CITPO,Promoter Share,100.0,2023-12-05,100.0,2023-12-05,
422,Nepal Reinsurance Company Limited Promoter Share,NRICP,Promoter Share,100.0,2023-12-07,281.0,2024-05-13,
423,Trishuli Jal Vidhyut Company Limited,TVCL,Hydropower,294.8,2023-12-07,496.09,2025-07-07,
424,10.50% Everest Bank Limited Debenture 2085,EBLD85,Corporate Debenture,1000.0,2023-12-10,1125.5,2025-06-30,
425,Muktinath Krishi Company Limited,MKCL,Others,196.6,2023-12-14,1498.16,2025-07-07,
426,"Himalayan Bank Limited Bond""",HBLD86,Government Bond,1000.0,2023-12-18,1083.0,2024-10-16,
427,Jyoti Bikash Bank Bond 2087,JBBD87,Government Bond,1000.0,2023-12-18,1067.0,2025-07-07,
428,11% KBL Debenture 2089,KBLD89,Corporate Debenture,1000.0,2023-12-18,1205.0,2025-06-30,
429,Prabhu Mahalaxmi Life Insurance Limited,PMLI,Life insurance,589.0,2023-12-19,524.14,2025-07-07,
430,8.5% RBBL Debenture 2083,RBBD83,Corporate Debenture,1000.0,2023-12-20,1070.0,2025-07-03,
431,Nepal Warehousing Company Limited,NWCL,Others,229.6,2023-12-21,910.14,2025-07-07,
432,Vision Lumbini Urja Company Limited,VLUCL,Hydropower,401.8,2023-12-21,594.31,2025-07-07,
433,Chirkhwa Hydropower Limited,CKHL,Hydropower,330.0,2023-12-21,627.7,2025-07-07,
434,9% Nepal SBI Bank Rinpatra 2089,SBID89,Commercial Banks,1000.0,2024-01-03,1137.0,2025-06-29,
435,Siddhartha Investment Growth Scheme 3,SIGS3,Mutual Fund,10.0,2024-01-04,10.44,2025-07-07,
436,Himalayan Reinsurance Limited,HRL,Non life insurance,340.1,2024-01-08,932.63,2025-07-07,
437,Himalayan 80-20,H8020,Mutual Fund,10.0,2024-01-14,11.21,2025-07-07,
438,National Laghubitta Bittiya Sanstha Limited Promoter,NMFBSP,Promoter Share,631.0,2024-01-30,675.0,2025-06-16,
439,Prabhu Mahalaxmi Life Insurance Limited promotor,PMLIP,Promoter Share,296.0,2024-02-04,309.0,2025-06-29,
440,NIC ASIA Growth Fund-2,NICGF2,Mutual Fund,9.0,2024-02-11,8.8,2025-07-07,
441,IGI Prudential insurance Limited Promoter Share,IGIPO,Promoter Share,310.0,2024-02-20,340.0,2025-05-26,
442,Sagarmatha Lumbini Insurance Co. Limited Promoter Share,SALICOPO,Promoter Share,363.6,2024-02-22,270.0,2024-08-22,
443,9% Kamana Sewa Bikas Bank Limited Debenture 2087,KSBBLD87,Corporate Debenture,980.0,2024-02-27,1080.0,2025-07-07,
444,Sarbottam Cement Limited,SARBTM,Manufacturing And Processing,611.6,2024-03-19,850.54,2025-07-07,
445,9% Nabil Debenture 2087,NABILD87,Corporate Debenture,1000.0,2024-03-31,1075.0,2025-07-06,
446,10% NIMB Debenture 2090,NIMBD90,Corporate Debenture,1020.0,2024-03-31,1194.0,2025-06-23,
447,11% L.B.B.L. Debenture 2089,LBBLD89,Corporate Debenture,1025.0,2024-04-02,1240.0,2025-07-03,
448,10.75% SBL Debenture 2089,SBLD89,Corporate Debenture,1002.1,2024-04-03,1275.0,2025-05-15,
449,11% Mahalaxmi Debenture 2089,MLBLD89,Corporate Debenture,1061.2,2024-04-29,1250.0,2025-06-23,
450,10% Citizens Bank Debenture 2090,CIZBD90,Corporate Debenture,1020.0,2024-04-30,1185.0,2025-06-29,
451,10.30% Standard Chartered Bank Limited Debenture,SCBD,Corporate Debenture,1027.6,2024-05-05,1095.79,2025-07-06,
452,Kumari Sabal Yojana,KSY,Mutual Fund,10.0,2024-05-05,9.38,2025-07-07,
453,10% NIC Asia Debenture 2085/86,NICAD 85/86,Corporate Debenture,1000.0,2024-05-07,1170.0,2025-06-30,
454,Nerude Mirmire Laghubitta Bittiya Sanstha Limited,NMLBBL,Microfinance,646.6,2024-05-19,660.81,2025-07-07,
455,Muktinath Debenture 2084/85,MND84/85,Corporate Debenture,1000.0,2024-05-21,1070.0,2025-07-03,
456,NIC ASIA Rinpatra 2088,NICD88,Corporate Debenture,975.0,2024-05-21,1100.0,2025-06-30,
457,Swarojgar Laghubitta Bittiya Sanstha Ltd.,SLBBL,Microfinance,750.0,2024-05-29,908.49,2025-07-07,
458,Nepal Infrastructure Bank Limited Promoter,NIFRAP,Promoter Share,111.0,2024-06-02,111.0,2024-12-24,
459,NIBL Stable Fund,NIBLSTF,Mutual Fund,9.0,2024-06-03,8.85,2025-07-07,
460,"BOK Debenture 2086 """"KA""""",BOKD86KA,Corporate Debenture,1020.0,2024-06-24,1120.0,2024-09-29,
461,United Ajod Insurance Limited Promoter Share,UAILPO,Promoter Share,307.0,2024-06-25,382.0,2025-03-25,
462,10.25% Sanima Debenture 2089,SBD89,Corporate Debenture,1050.0,2024-06-25,1205.0,2025-06-29,
463,10.15% Prime Debenture 2084,PBD84,Corporate Debenture,1041.0,2024-06-25,1132.1,2025-07-03,
464,"Global IME Bank Debenture""",GBILD84/85,Corporate Debenture,1000.0,2024-06-25,1151.5,2024-10-22,
465,NMB Debenture 10.75%-2089/90,NMBD89/90,Corporate Debenture,1082.0,2024-07-14,1215.0,2025-06-11,
466,10% KBL Debenture 2090,KBLD90,Corporate Debenture,1040.0,2024-08-11,1149.5,2025-07-03,
467,Matribhumi Lagubitta Bittiya Sanstha Limited,MATRI,Microfinance,1406.2,2024-08-13,1144.88,2025-07-07,
468,Sampada Laghubitta Bittiya Sanstha Limited,SMPDA,Microfinance,1162.7,2024-08-18,936.64,2025-07-07,
469,Unique Nepal Laghubitta Bittiya Sanstha Limited Promoter,UNLBP,Promoter Share,1368.0,2024-10-02,1211.0,2025-04-01,
470,Matribhumi Lagubitta Bittiya Sanstha Limited Promoter,MATRIP,Promoter Share,798.0,2024-10-07,766.5,2025-05-08,
471,CEDB Holdings Limited,CHDC,Investment,1684.0,2024-10-23,2594.37,2025-07-07,
472,Garima Debenture,GBBD85,Corporate Debenture,1030.0,2024-10-23,1043.6,2025-07-07,
473,Global IME Bank Debenture,GBILD84/85,Corporate Debenture,1128.5,2024-10-23,1175.0,2025-07-07,
474,"BOK Debenture 2086 ""KA""",BOKD86KA,Corporate Debenture,1120.0,2024-10-29,1141.3,2025-05-25,
475,Himalayan Bank Limited Bond,HBLD86,Government Bond,1147.4,2024-11-06,1122.0,2025-06-26,
476,Nerude Mirmire Laghubitta Bittiya Sanstha Limited Promoter,NMLBBLP,Promoter Share,365.0,2024-12-23,340.0,2025-05-19,
477,Muktinath Mutual Fund 1,MNMF1,Mutual Fund,9.45,2025-01-16,9.34,2025-07-07,
478,CYC Nepal Laghubitta Bittiya Sanstha Limited Promoter,CYCLP,Promoter Share,864.0,2025-01-23,864.0,2025-01-23,
479,Swarojgar Laghubitta Bittiya Sanstha Ltd. Promoter Share,SLBBLP,Promoter Share,499.0,2025-01-26,496.0,2025-07-06,
480,Sanima GIC Insurance Limited Promoter Share,SGICP,Promoter Share,100.0,2025-01-27,250.0,2025-05-20,
481,Guardian Micro Life Insurance Limited,GMLI,Life insurance,331.1,2025-02-09,2351.98,2025-07-07,
482,Sampada Laghubitta Bittiya Sanstha Limited Promoter,SMPDAP,Promoter Share,495.0,2025-02-17,495.0,2025-02-17,
483,Garima Samriddhi Yojana,GSY,Mutual Fund,9.23,2025-02-20,9.42,2025-07-07,
484,9% ICFC Finance Limited Debenture 2088,ICFCD88,Corporate Debenture,1100.0,2025-03-09,1083.0,2025-07-06,
485,Mahila Lagubitta Bittiya Sanstha Limited Promoter,MLBSLP,Promoter Share,100.0,2025-03-11,100.0,2025-03-11,
486,Everest Bank Limited Energy Bond,EBLEB89,Government Bond,1000.0,2025-04-01,1015.4,2025-07-06,
487,Nepal Micro Insurance Company Limited,NMIC,Non life insurance,332.5,2025-04-08,1586.46,2025-07-07,
488,Crest Micro Life Insurance Limited,CREST,Life insurance,332.7,2025-04-10,1402.02,2025-07-07,
489,NMB Hybrid Fund L- II,NMBHF2,Mutual Fund,9.23,2025-04-21,8.9,2025-07-07,
490,Om Megashree Pharmaceuticals Limited,OMPL,Manufacturing And Processing,297.0,2025-05-04,1350.97,2025-07-07,
491,Wean Nepal Laghubitta Bittiya Sanstha Limited Promoter Share,WNLBP,Promoter Share,1403.0,2025-05-08,1403.0,2025-05-08,
492,Everest Bank Limited Debenture 2091,EBLD91,Corporate Debenture,1025.0,2025-05-21,1023.0,2025-07-07,
493,MBL Equity Fund,MBLEF,Mutual Fund,9.1,2025-05-22,9.08,2025-07-07,
494,Pure Energy Limited,PURE,Others,318.2,2025-05-27,892.62,2025-07-07,
495,Sanima Reliance Life Insurance Limited Promoter Share,SRLIP,Promoter Share,223.0,2025-06-09,200.0,2025-07-06,
496,Reliable Samriddhi Yojana,RSY,Mutual Fund,9.07,2025-06-26,9.42,2025-07-07,
497,Arun Valley Hydropower Development Co. Ltd.,AHPC,Hydropower,430.0,2010-04-15,283.33,2025-07-07,
498,Bank of Kathmandu Ltd.,BOKL,Commercial Banks,747.0,2010-04-15,207.3,2023-01-08,
499,Bishal Bazar Company Limited,BBC,Tradings,3120.0,2010-04-15,5400.0,2025-07-07,
500,Butwal Power Company Limited,BPCL,Hydropower,801.0,2010-04-15,772.52,2025-07-07,
501,Capital Merchant Bank & Finance Co. Ltd.,CMB,Finance Company,176.0,2010-04-15,140.0,2019-05-21,
502,Chilime Hydropower Company Limited,CHCL,Hydropower,890.0,2010-04-15,528.08,2025-07-07,
503,Citizen Bank International Limited,CZBIL,Commercial Banks,406.0,2010-04-15,208.1,2022-06-27,
504,Crystal Finance Ltd.,CFL,Finance Company,290.0,2010-04-15,117.0,2011-07-07,
505,Everest Bank Limited Con. Pref.,EBLCP,Preferred Stock,1410.0,2010-04-15,545.0,2022-11-02,
506,Everest Insurance Co. Ltd.,EIC,Non Life Insurance,306.0,2010-04-15,500.0,2022-05-05,
507,Excel Development Bank Ltd.,EDBL,Development Banks,285.0,2010-04-15,584.94,2025-07-07,
508,Global IME Bank Limited Debenture 2086/87,GBILD86/87,Corporate Debenture,265.0,2010-04-15,1080.0,2025-07-07,
509,Gurkhas Finance Ltd.,GUFL,Finance Company,209.0,2010-04-15,542.16,2025-07-07,
510,Himalayan Bank Limited,HBL,Commercial Banks,870.0,2010-04-15,219.93,2025-07-07,
511,ICFC Finance Limited,ICFC,Finance Company,223.0,2010-04-15,617.25,2025-07-07,
512,Kumari Bank Limited,KBL,Commercial Banks,417.0,2010-04-15,208.84,2025-07-07,
513,Lumbini Bikas Bank Ltd.,LBBL,Development Banks,257.0,2010-04-15,431.65,2025-07-07,
514,Lumbini General Insurance Co. Ltd.,LGIL,Non Life Insurance,158.0,2010-04-15,509.9,2023-03-12,
515,Miteri Development Bank Limited,MDB,Development Banks,231.0,2010-04-15,585.78,2025-07-07,
516,Nabil Bank Limited,NABIL,Commercial Banks,2000.0,2010-04-15,497.07,2025-07-07,
517,National Hydro Power Company Limited,NHPC,Hydropower,51.0,2010-04-15,211.65,2025-07-07,
518,Nepal Bangladesh Bank Limited,NBB,Commercial Banks,216.0,2010-04-15,399.0,2022-01-13,
519,Nepal Doorsanchar Comapany Limited,NTC,Others,455.0,2010-04-15,1626.0,2022-03-15,
520,Nepal Investment Bank Limited,NIB,Commercial Banks,671.0,2010-04-15,251.0,2023-01-10,
521,Nepal SBI Bank Limited,SBI,Commercial Banks,682.0,2010-04-15,409.05,2025-07-07,
522,NIC Asia Bank Ltd.,NICA,Commercial Banks,530.0,2010-04-15,347.77,2025-07-07,
523,Pokhara Finance Ltd.,PFL,Finance Company,259.0,2010-04-15,419.73,2025-07-07,
524,Prabhu  Bank Limited,PRVU,Commercial Banks,210.0,2010-04-15,208.6,2025-07-07,
525,Prime Commercial Bank Ltd.,PCBL,Commercial Banks,418.0,2010-04-15,256.43,2025-07-07,
526,Rastriya Beema Company Limited,RBCL,Non Life Insurance,325.0,2010-04-15,14790.0,2025-07-07,
527,Sahayogi Bikas Bank Limited,SBBLJ,Development Banks,240.0,2010-04-15,197.0,2019-07-07,
528,Shikhar Insurance Co. Ltd.,SICL,Non Life Insurance,288.0,2010-04-15,761.28,2025-07-07,
529,Shree Investment Finance Co. Ltd.,SIFC,Finance Company,700.0,2010-04-15,525.65,2025-07-07,
530,Siddhartha Bank Limited,SBL,Commercial Banks,392.0,2010-04-15,342.0,2025-07-07,
531,Standard Chartered Bank Limited,SCB,Commercial Banks,2831.0,2010-04-15,638.26,2025-07-07,
532,Sunrise Bank Limited,SRBL,Commercial Banks,290.0,2010-04-15,173.1,2023-07-13,
533,Goodwill Finance Limited,GFCL,Finance Company,260.0,2010-04-19,641.74,2025-07-07,
534,Lalitpur Finance Ltd.,LFC,Finance Company,440.0,2010-04-19,126.0,2019-06-06,
535,Machhapuchhre Bank Limited,MBL,Commercial Banks,264.0,2010-04-19,225.79,2025-07-07,
536,NMB Bank Limited,NMB,Commercial Banks,260.0,2010-04-19,249.22,2025-07-07,
537,ProgressiveFinance Limited,PROFL,Finance Company,490.0,2010-04-19,231.5,2022-06-14,
538,Sanima Bank Limited,SANIMA,Commercial Banks,390.0,2010-04-19,339.1,2025-07-07,
539,Siddhartha Insurance Ltd.,SIL,Non Life Insurance,138.0,2010-04-19,651.2,2023-02-28,
540,Citizen Investment Trust,CIT,Investment,751.0,2010-04-20,1916.74,2025-07-07,
541,Oriental Hotels Limited,OHL,Hotels & Tourism,166.0,2010-04-20,878.36,2025-07-07,
542,Samriddhi Finance Company Limited,SFCL,Finance Company,196.0,2010-04-20,507.3,2025-07-07,
543,National Life Insurance Co. Ltd.,NLICL,Life Insurance,525.0,2010-04-21,619.68,2025-07-07,
544,Samjhana Finance Co. Ltd.,SFC,Finance Company,230.0,2010-04-21,230.0,2010-06-10,
545,Prabhu Insurance Ltd.,PRIN,Non Life Insurance,171.0,2010-04-22,920.87,2025-07-07,
546,Nepal Share Markets Ltd.,NSM,Finance Company,196.0,2010-04-25,174.0,2010-06-06,
547,Laxmi Bank Limited,LBL,Commercial Banks,603.0,2010-04-26,173.0,2023-07-13,
548,Premier Insurance Co. Ltd.,PIC,Non Life Insurance,158.0,2010-04-26,894.9,2022-02-27,
549,Central Finance Co. Ltd.,CFCL,Finance Company,368.0,2010-04-27,519.22,2025-07-07,
550,Life Insurance Co. Nepal,LICN,Life Insurance,623.0,2010-04-27,2049.8,2022-03-15,
551,United Insurance Co. (Nepal) Ltd.,UIC,Non Life Insurance,203.0,2010-04-27,518.9,2023-05-24,
552,Salt Trading Corporation,STC,Tradings,301.0,2010-04-28,5124.11,2025-07-07,
553,United Finance Ltd.,UFL,Finance Company,378.0,2010-04-28,423.0,2021-04-29,
554,Nepal Credit And Commercial Bank Limited,NCCB,Commercial Banks,282.0,2010-05-09,189.0,2022-12-29,
555,Nirdhan Utthan Laghubitta Bittiya Sanstha Limited,NUBL,Microfinance,230.0,2010-05-10,719.21,2025-07-07,
556,Asian Life Insurance Co. Limited,ALICL,Life Insurance,337.0,2010-05-12,499.75,2025-07-07,
557,Janaki Finance Ltd.,JFL,Finance Company,327.0,2010-05-12,357.0,2022-06-16,
558,Shrijana Finance  (Bittaya Sanstha),SFFIL,Finance Company,121.0,2010-05-16,210.0,2020-01-22,
559,City Express Finance Co. Limited,CEFL,Finance Company,250.0,2010-05-18,101.0,2020-01-08,
560,Guheshowori Merchant Bank & Finance Co. Ltd.,GMFIL,Finance Company,485.0,2010-05-18,484.62,2025-07-07,
561,Soaltee Hotel Limited,SHL,Hotels & Tourism,185.0,2010-05-18,564.65,2025-07-07,
562,Unilever Nepal Limited,UNL,Manufacturing And Processing,4150.0,2010-05-18,46010.0,2025-07-07,
563,Nepal Life Insurance Co. Ltd.,NLIC,Life Insurance,961.0,2010-05-23,768.56,2025-07-07,
564,Raghupati Jute Mills Limited,RJM,Manufacturing And Processing,100.0,2010-05-23,100.0,2010-06-02,
565,Gorakhkali Rubber Udhyog Limited,GRU,Manufacturing And Processing,38.0,2010-05-24,38.0,2010-08-19,
566,Sagarmatha Insurance Co. Ltd.,SIC,Non Life Insurance,300.0,2010-05-25,666.0,2023-03-12,
567,Chhimek Laghubitta Bikas Bank Limited,CBBL,Microfinance,301.0,2010-05-30,1270.0,2022-03-15,
568,Himalayan General Insurance Co. Ltd,HGI,Non Life Insurance,230.0,2010-05-31,520.0,2022-05-05,
569,Deprosc Laghubitta Bittiya Sanstha Limited,DDBL,Microfinance,138.0,2010-06-06,808.97,2025-07-07,
570,Himalayan Distillery Limited,HDL,Manufacturing And Processing,100.0,2010-06-07,1216.02,2025-07-07,
571,Prudential Insurance Co. Ltd.,PICL,Non Life Insurance,196.0,2010-06-08,367.6,2023-05-09,
572,Taragaon Regency Hotel Limited,TRH,Hotels & Tourism,78.0,2010-06-08,932.7,2025-07-07,
573,Swabalamban Laghubitta Bittiya Sanstha Limited,SWBBL,Microfinance,400.0,2010-06-13,831.93,2025-07-07,
574,IME General Insurance Ltd.,IGI,Non Life Insurance,227.0,2010-06-15,373.0,2023-05-09,
575,Neco Insurance Co. Ltd.,NIL,Non Life Insurance,107.0,2010-06-22,789.0,2022-05-25,
576,Nepal Finance Ltd.,NFS,Finance Company,296.0,2010-06-29,722.41,2025-07-07,
577,Nepal Insurance Co. Ltd.,NICL,Non Life Insurance,360.0,2010-06-29,640.0,2025-07-07,
578,Best Finance Company Ltd.,BFC,Finance Company,339.0,2010-07-04,490.43,2025-07-07,
579,Narayani Development Bank Limited,NABBC,Development Banks,376.0,2010-07-12,1689.53,2025-07-07,
580,Prime Life Insurance Company Limited,PLIC,Life Insurance,370.0,2010-07-13,340.0,2023-05-08,
581,NIDC Development Bank Ltd.,NIDC,Development Banks,120.0,2010-07-14,150.0,2015-07-22,
582,Kamana Sewa Bikas Bank Limited,KSBBL,Development Banks,353.0,2010-07-14,464.75,2025-07-07,
583,Nerude Laghubita Bikas Bank Limited,NLBBL,Microfinance,320.0,2010-08-02,1070.0,2022-03-15,
584,Agriculture Development Bank Limited,ADBL,Commercial Banks,250.0,2010-08-26,402.0,2022-02-21,
585,Om Development Bank Ltd.,ODBL,Development Banks,313.0,2010-08-26,197.0,2018-08-19,
586,Mahalaxmi Bikas Bank Ltd.,MLBL,Development Banks,169.0,2010-09-02,383.4,2025-07-07,
587,Surya Life Insurance Company Limited,SLICL,Life Insurance,269.0,2010-09-26,387.0,2022-06-26,
588,Nepal Lube Oil Limited,NLO,Manufacturing And Processing,250.0,2010-10-06,293.2,2025-07-06,
589,Nepal Film Development Company Limited,NFD,Others,39.0,2010-12-15,34.35,2014-08-03,
590,Bottlers Nepal (Terai) Limited,BNT,Manufacturing And Processing,742.0,2010-12-22,12401.0,2025-07-07,
591,Garima Bikas Bank Limited,GBBL,Development Banks,340.0,2011-01-03,402.14,2025-07-07,
592,Jyoti Bikas Bank Limited,JBBL,Development Banks,303.0,2011-01-10,325.76,2025-07-07,
593,Gandaki Bikas Bank Limited,GDBL,Development Banks,331.0,2011-02-01,201.0,2019-09-25,
594,Kankai Bikas Bank Ltd.,KNBL,Development Banks,356.0,2011-02-10,196.0,2019-06-04,
595,Karnali Development Bank Limited,KRBL,Development Banks,331.0,2011-02-13,810.0,2024-12-24,
596,Hathway Finance Company Limited,HATH,Finance Company,130.0,2011-02-21,114.0,2019-03-14,
597,Himalayan Finance Limited (Bittiya Sanstha),HFL,Finance Company,335.0,2011-03-16,18.0,2013-09-29,
598,Bottlers Nepal (Balaju) Limited,BNL,Manufacturing And Processing,713.0,2011-04-19,15800.05,2025-07-07,
599,Gurans Life Insurance Company Ltd.,GLICL,Life Insurance,329.0,2011-04-27,344.0,2023-05-08,
600,Corporate Development Bank Limited,CORBL,Development Banks,382.0,2011-08-17,2527.55,2025-07-07,
601,Shine Resunga Development Bank Ltd.,SHINE,Development Banks,315.0,2011-10-31,402.71,2025-07-07,
602,Muktinath Bikas Bank Ltd.,MNBBL,Development Banks,312.0,2011-11-03,373.93,2025-07-07,
603,Shangrila Development Bank Ltd.,SADBL,Development Banks,314.0,2011-11-16,407.4,2025-07-07,
604,Multipurpose Finance Company  Limited,MPFL,Finance Company,415.0,2012-02-12,596.83,2025-07-07,
605,Bhargav Bikash Bank Ltd.,BHBL,Development Banks,111.0,2012-04-02,199.0,2019-05-14,
606,First Micro Finance Laghubitta Bittiya Sanstha Limited,FMDBL,Microfinance,141.0,2012-06-10,751.99,2025-07-07,
607,Janata Bank Nepal Ltd.,JBNL,Commercial Banks,187.0,2012-07-15,214.0,2019-08-26,
608,Summit Laghubitta Bittiya Sanstha Limited,SMFDB,Microfinance,172.0,2012-07-18,967.0,2023-07-13,
609,Manjushree Finance Ltd.,MFIL,Finance Company,150.0,2012-11-08,601.19,2025-07-07,
610,Nepal Bank Limited,NBL,Commercial Banks,395.0,2012-12-17,262.6,2025-07-07,
611,Civil Bank Ltd,CBL,Commercial Banks,171.0,2013-03-03,214.0,2023-02-23,
612,Swarojgar Laghu Bitta Bikas Bank Ltd.,SLBBL,Microfinance,153.0,2013-06-19,765.0,2024-05-27,
613,NLG Insurance Company Ltd.,NLG,Non Life Insurance,275.0,2013-07-17,826.88,2025-07-07,
614,Mega  Bank Nepal Ltd.,MEGA,Commercial Banks,181.0,2013-09-08,219.0,2023-01-10,
615,Sindhu Bikash Bank Ltd,SINDU,Development Banks,140.0,2013-09-08,904.54,2025-07-07,
616,Synergy Finance Ltd.,SYFL,Finance Company,80.0,2013-09-19,145.0,2017-10-11,
617,Hamro Bikas Bank Ltd.,HAMRO,Development Banks,160.0,2013-10-08,133.0,2018-07-15,
618,RMDC Laghubitta Bittiya Sanstha Ltd.,RMDC,Microfinance,561.0,2013-10-08,775.0,2023-07-06,
619,Sana Kisan Bikas Bank Ltd,SKBBL,Microfinance,605.0,2013-10-08,1245.0,2022-03-16,
620,Sanima Mai Hydropower Ltd.,SHPC,Hydropower,324.0,2014-01-22,581.95,2025-07-07,
621,Kalika Laghubitta Bittiya Sanstha Ltd,KMCDB,Microfinance,378.0,2014-02-05,1019.7,2025-07-07,
622,Naya Sarathi Laghubitta Bittiya Sanstha Limited,NSLB,Microfinance,352.0,2014-03-17,693.5,2023-07-13,
623,Century Commercial Bank Ltd.,CCBL,Commercial Banks,280.0,2014-06-08,199.5,2023-01-09,
624,Mithila LaghuBitta Bittiya Sanstha Limited,MLBBL,Microfinance,376.0,2014-06-26,1475.08,2025-07-07,
625,Ridi Hydropower Development Company Ltd.,RHPC,Hydropower,306.0,2014-07-13,838.0,2021-11-03,
626,Reliance Finance Ltd.,RLFL,Finance Company,150.0,2014-08-28,487.07,2025-07-07,
627,Siddhartha Equity Orineted Scheme,SEOS,Mutual Fund,10.0,2014-10-09,10.85,2019-07-21,
628,Laxmi Laghubitta Bittiya Sanstha Ltd.,LLBS,Microfinance,307.0,2014-10-14,1051.33,2025-07-07,
629,Sahara Bikas Bank Ltd.,SHBL,Development Banks,300.0,2014-11-10,460.0,2017-06-08,
630,NIBL Samriddhi Fund 1,NIBSF1,Mutual Fund,10.66,2015-02-18,12.41,2022-01-06,
631,Mirmire Microfinance Development Bank Ltd.,MMFDB,Microfinance,399.0,2015-08-25,985.0,2022-09-11,
632,Barun Hydropower Co. Ltd.,BARUN,Hydropower,284.0,2015-10-14,425.87,2025-07-07,
633,Vijaya laghubitta Bittiya Sanstha Ltd.,VLBS,Microfinance,312.0,2015-11-09,845.34,2025-07-07,
634,Api Power Company Ltd.,API,Hydropower,307.0,2015-11-18,291.76,2025-07-07,
635,Grameen Bikas Laghubitta Bittiya Sanstha Ltd.,GBLBS,Microfinance,110.0,2015-11-24,809.17,2025-07-07,
636,Civil Laghubitta Bittiya Sanstha Ltd.,CLBSL,Microfinance,318.0,2015-11-26,771.0,2023-07-19,
637,Kisan Lagubitta Bittiya Sanstha Limited,KLBSL,Microfinance,339.0,2015-12-08,1070.0,2024-07-10,
638,Mahila Sahayatra Microfinance Bittiya Sanstha Ltd.,MSMBS,Microfinance,327.0,2015-12-08,1259.0,2021-01-21,
639,Janautthan Samudayic Laghubitta Bikas Bank Ltd.,JSLBB,Microfinance,419.0,2015-12-10,1692.5,2022-06-22,
640,Womi Microfinance Bittiya Sanstha Ltd.,WOMI,Microfinance,399.0,2015-12-10,1609.0,2021-08-31,
641,Global IME Laghubitta Bittiya Sanstha Ltd.,GILB,Microfinance,356.0,2015-12-21,1265.66,2025-07-07,
642,NMB  Microfinance Bittiya Sanstha Ltd.,NMBMF,Microfinance,337.0,2015-12-21,694.18,2025-07-07,
643,Global IME Samunnat Scheme-1,GIMES1,Mutual Fund,10.0,2016-06-02,9.63,2023-03-23,
644,Hydorelectricity Investment and Development Company Ltd,HIDCL,Investment,359.0,2016-07-12,292.09,2025-07-07,
645,Mero Microfinance Bittiya Sanstha Ltd.,MERO,Microfinance,392.0,2016-09-05,811.86,2025-07-07,
646,Ngadi Group Power Ltd.,NGPL,Hydropower,277.0,2016-09-07,376.06,2025-07-07,
647,Shree Ram Sugar Mills Limited,SRS,Manufacturing And Processing,100.0,2016-09-18,338.0,2020-07-27,
648,Green Development Bank Ltd.,GRDBL,Development Banks,252.0,2016-11-24,1331.41,2025-07-07,
649,Khanikhola Hydropower Co. Ltd.,KKHC,Hydropower,321.0,2017-01-11,434.08,2025-07-07,
650,NMB Hybrid Fund L-1,NMBHF1,Mutual Fund,10.81,2017-01-24,9.86,2023-10-12,
651,Nabil Equity Fund,NEF,Mutual Fund,10.0,2017-02-02,9.9,2023-11-01,
652,National Microfinance Bittiya Sanstha Ltd.,NMFBS,Microfinance,506.0,2017-02-08,2380.0,2022-03-24,
653,RSDC Laghubitta Bittiya Sanstha Ltd.,RSDC,Microfinance,346.0,2017-02-08,662.01,2025-07-07,
654,Suryodaya Laghubitta Bittiya Sanstha Ltd.,SLBS,Microfinance,495.0,2017-02-08,1713.0,2021-08-31,
655,Dibyashwori Hydropower Ltd.,DHPL,Hydropower,348.0,2017-02-13,321.44,2025-07-07,
656,NIBL Pragati Fund,NIBLPF,Mutual Fund,10.0,2017-04-02,9.32,2024-01-08,
657,Arun Kabeli Power Ltd.,AKPL,Hydropower,326.0,2017-04-16,253.72,2025-07-07,
658,Synergy Power Development Ltd.,SPDL,Hydropower,246.0,2017-05-16,395.43,2025-07-07,
659,Forward Microfinance Bittiya Sanstha Ltd.,FOWAD,Microfinance,1051.0,2017-05-21,2311.0,2022-03-15,
660,United Modi Hydropower Ltd.,UMHL,Hydropower,329.0,2017-05-30,565.67,2025-07-07,
661,Samata Gharelu Laghubitta Bittiya Sanstha Limited,SMATA,Microfinance,403.0,2017-06-19,812.05,2025-07-07,
662,Chhyangdi Hydropower Ltd.,CHL,Hydropower,323.0,2017-08-03,323.5,2025-07-07,
663,Laxmi Equity Fund,LEMF,Mutual Fund,10.0,2017-08-03,9.47,2024-06-09,
664,Swadeshi Laghubitta Bittiya Sanstha Ltd.,SDESI,Microfinance,326.0,2017-08-10,800.0,2020-08-13,
665,Himalayan Power Partner Ltd.,HPPL,Hydropower,330.0,2017-08-20,502.11,2025-07-07,
666,Mahuli Laghubitta Bittiya Sanstha Limited,MSLB,Microfinance,1626.0,2017-08-27,1222.9,2025-07-07,
667,Nepal Hydro Developers Ltd.,NHDL,Hydropower,293.0,2017-11-14,657.34,2025-07-07,
668,Siddhartha Equity Fund,SEF,Mutual Fund,10.0,2018-01-16,10.1,2025-07-07,
669,Sanima Equity Fund,SAEF,Mutual Fund,10.05,2018-02-28,11.25,2024-12-22,
670,Support Microfinance Bittiya Sanstha Ltd.,SMB,Microfinance,307.0,2018-03-11,2167.95,2025-07-07,
671,Unnati Sahakarya Laghubitta Bittiya Sanstha Limited,USLB,Microfinance,,2018-03-14,1787.0,2025-07-07,
672,Radhi Bidyut Company Ltd,RADHI,Hydropower,155.0,2018-03-26,769.95,2025-07-07,
673,Arambha Microfinance Bittiya Sanstha Ltd.,AMFI,Microfinance,250.0,2018-04-05,529.0,2019-10-22,
674,Citizens Mutual Fund -1,CMF1,Mutual Fund,10.0,2018-04-24,10.85,2025-02-27,
675,NIC Asia Growth Fund,NICGF,Mutual Fund,10.0,2018-04-24,10.9,2025-03-09,
676,Wean Nepal Laghubitta Bittiya Sanstha Limited,WNLB,Microfinance,,2018-06-14,2112.49,2025-07-07,
677,Rairang Hydropower Development Company Ltd.,RRHP,Hydropower,266.0,2018-06-21,563.1,2021-11-03,
678,Nadep Laghubittiya bittya Sanstha Ltd.,NADEP,Microfinance,597.0,2018-08-23,832.0,2025-07-07,
679,Panchakanya Mai Hydropower Ltd,PMHPL,Hydropower,144.0,2018-10-10,388.38,2025-07-07,
680,Kalika power Company Ltd,KPCL,Hydropower,121.0,2018-10-11,537.93,2025-07-07,
681,Ankhu Khola Jalvidhyut Company Ltd,AKJCL,Hydropower,102.0,2018-12-20,205.99,2025-07-07,
682,Aarambha Chautari Laghubitta Bittiya Sanstha Limited,ACLBSL,Microfinance,227.0,2019-01-07,1043.96,2025-07-07,
683,Joshi Hydropower Development Company Ltd,JOSHI,Hydropower,279.0,2019-01-07,324.99,2025-07-07,
684,Upper Tamakoshi Hydropower Ltd,UPPER,Hydropower,224.0,2019-01-13,195.43,2025-07-07,
685,Samudayik Laghubitta Bittiya Sanstha Limited,SLBSL,Microfinance,505.0,2019-01-21,1452.91,2025-07-07,
686,Ghalemdi Hydro Limited,GHL,Hydropower,300.0,2019-02-17,247.7,2025-07-07,
687,Asha Laghubitta Bittiya Sanstha Ltd,ALBSL,Microfinance,306.0,2019-03-11,817.19,2025-07-07,
688,SHIVAM CEMENTS LTD,SHIVM,Manufacturing And Processing,418.0,2019-03-24,510.55,2025-07-07,
689,UNIVERSAL POWER COMPANY LTD,UPCL,Hydropower,270.0,2019-03-24,386.2,2025-07-07,
690,Mountain Hydro Nepal Limited,MHNL,Hydropower,101.0,2019-04-17,271.78,2025-07-07,
691,Panchthar Power Compant Limited,PPCL,Hydropower,255.0,2019-05-05,371.25,2025-07-07,
692,Sparsha Laghubitta Bittiya Sanstha Limited,SPARS,Microfinance,302.0,2019-05-07,972.0,2020-10-06,
693,Himalaya Urja Bikas Company Limited,HURJA,Hydropower,144.0,2019-05-22,249.51,2025-07-07,
694,Gurans Laghubitta Bittiya Sanstha Limited,GLBSL,Microfinance,279.0,2019-06-02,2175.2,2025-07-07,
695,Ganapati Laghubitta Bittiya Sanstha Limited,GMFBS,Microfinance,237.0,2019-06-06,1584.85,2025-07-07,
696,Nepal Agro Laghubitta Bittiya Sanstha Limited,NAGRO,Microfinance,311.0,2019-06-12,720.0,2019-10-03,
697,Union Hydropower Limited,UNHPL,Hydropower,150.0,2019-06-12,419.72,2025-07-07,
698,10% Sanima Bank Limited Debenture,SAND2085,Corporate Debenture,1000.0,2019-06-16,1177.0,2025-06-30,
699,Swabhimaan Laghubitta Bittiya Sanstha Limited,SMFBS,Microfinance,281.0,2019-06-17,1734.34,2025-07-07,
700,Infinity Laghubitta Bittiya Sanstha Limited,ILBS,Microfinance,343.2,2019-07-08,844.23,2025-07-07,
701,RASUWAGADHI HYDROPOWER COMPANY LIMITED,RHPL,Hydropower,263.0,2019-08-06,369.41,2025-07-07,
702,SANJEN JALAVIDHYUT COMPANY LIMITED,SJCL,Hydropower,261.0,2019-08-06,317.39,2025-07-07,
705,Ghodighoda Laghubitta Bittiya Sanstha Ltd.,GGBSL,Microfinance,231.0,2019-09-05,830.0,2020-11-05,
706,Tinau Mission Development Bank Limited,TMDBL,Development Banks,158.0,2019-09-24,197.0,2020-10-15,
707,Saptakoshi Development Bank Ltd,SAPDBL,Development Banks,130.0,2019-10-01,1098.59,2025-07-07,
708,NIC Asia Balanced Fund,NICBF,Mutual Fund,10.3,2019-11-11,9.52,2025-07-07,
709,11% NIC Asia Debenture 082/83,NICAD8283,Corporate Debenture,1020.0,2019-12-26,1154.4,2025-07-07,
710,10.50% SBL Debenture 2082,SBLD2082,Corporate Debenture,975.0,2019-12-30,1099.9,2025-07-02,
711,NABIL BALANCED FUND-2,NBF2,Mutual Fund,10.0,2020-02-09,10.1,2025-07-07,
712,Himal Dolakha Hydropower Company Limited,HDHPC,Hydropower,128.0,2020-02-25,197.19,2025-07-07,
713,Nepal Reinsurance Company Limited,NRIC,Others,382.0,2020-06-29,1322.27,2025-07-07,
714,10.25% Sunrise Bank Debenture 2083,SRBLD83,Corporate Debenture,1000.0,2020-06-30,1113.2,2025-06-30,
715,NIC ASIA Laghubitta Bittiya Sanstha Limited,NICLBSL,Microfinance,364.0,2020-07-09,618.58,2025-07-07,
716,NMB 50,NMB50,Mutual Fund,10.0,2020-07-15,10.55,2025-07-07,
717,Sunrise First Mutual Fund,SFMF,Mutual Fund,10.0,2020-07-15,10.7,2025-07-07,
718,10.5 % NEPAL INVESTMENT DEBENTURE 2082,NIBD2082,Corporate Debenture,1011.0,2020-08-02,1086.0,2025-07-07,
719,Ajod Insurance Limited,AIL,Non Life Insurance,320.0,2020-08-02,451.0,2023-05-24,
720,Sadhana Laghubitta Bittiya Sanstha Limited,SDLBSL,Microfinance,397.0,2020-08-06,1067.0,2024-07-11,
721,NRN Infrastructure and Development Limited,NRN,Investment,336.0,2020-08-26,2216.04,2025-07-07,
722,Reliance Life Insurance Limited,RLI,Life Insurance,340.0,2020-09-08,387.0,2023-03-22,
723,10.25% KBL Debenture 2086,KBLD86,Corporate Debenture,1050.0,2020-09-09,1223.5,2025-07-06,
724,10.25% NIC Asia Debenture 2083/84,NICD83/84,Corporate Debenture,1015.0,2020-09-09,1145.0,2025-07-07,
725,10.25% GLOBAL IME BANK LTD. DEBENTURE 2080/81,GBD80/81,Corporate Debenture,1050.0,2020-09-10,1040.0,2024-04-09,
726,10% Nepal SBI Bank Debenture 2086,SBIBD86,Corporate Debenture,1021.0,2020-09-14,1112.0,2025-07-03,
727,Laxmi Unnati Kosh,LUK,Mutual Fund,9.28,2020-09-14,10.18,2025-07-07,
728,Liberty Energy Company Limited,LEC,Hydropower,270.0,2020-09-20,211.84,2025-07-07,
729,General Insurance Company Nepal Ltd,GIC,Non Life Insurance,335.0,2020-10-14,370.0,2022-07-13,
730,Shiva Shree Hydropower Ltd,SSHL,Hydropower,132.0,2020-10-29,250.21,2025-07-07,
731,Sanima General Insurance Limited,SGI,Non Life Insurance,342.0,2020-11-04,365.0,2022-07-13,
732,10% Prabhu Bank Debenture 2084,PBLD84,Corporate Debenture,1026.0,2020-11-10,1144.0,2025-07-02,
733,CITIZENS MUTUAL FUND 2,CMF2,Mutual Fund,9.9,2020-11-22,9.68,2025-07-07,
734,10% Himalayan Bank Debenture 2083,HBLD83,Corporate Debenture,1040.0,2020-12-06,1083.2,2025-07-06,
735,Mountain Energy Nepal Limited,MEN,Hydropower,378.0,2020-12-16,595.73,2025-07-07,
736,United IDI Mardi RB Hydropower Limited.,UMRH,Hydropower,325.0,2020-12-20,576.9,2025-07-07,
737,10% Sunrise Debenture 2080,SRD80,Corporate Debenture,1000.0,2020-12-29,1030.0,2024-05-09,
738,9% NIC Asia Debenture 2081/82,NICAD8182,Corporate Debenture,1010.0,2021-01-03,1071.0,2025-01-08,
739,Prabhu Life Insurance Limited,PLI,Life Insurance,141.0,2021-01-03,587.0,2023-07-13,
740,Siddhartha Investment Growth Scheme - 2,SIGS2,Mutual Fund,10.45,2021-01-11,10.21,2025-07-07,
741,12% ICFC Finance Limited Debenture 2083,ICFCD83,Corporate Debenture,1127.0,2021-01-28,1274.0,2025-07-07,
742,Chandragiri Hills Limited,CGH,Hotels & Tourism,164.0,2021-02-07,949.72,2025-07-07,
743,Nepal Infrastructure Bank Limited,NIFRA,Investment,374.0,2021-02-14,275.08,2025-07-07,
744,Sanima Large Cap Fund,SLCF,Mutual Fund,10.29,2021-02-25,10.2,2025-07-07,
745,10.25% NBBL Debenture 2085,NBBD2085,Corporate Debenture,1051.0,2021-03-07,1130.9,2025-06-18,
746,GreenLife Hydropower Limited,GLH,Hydropower,328.0,2021-03-16,261.48,2025-07-07,
747,Mahila Lagubitta Bittiya Sanstha Limited,MLBSL,Microfinance,446.0,2021-03-16,2210.0,2025-07-07,
748,Jyoti Life Insurance Company Limited,JLI,Life Insurance,388.0,2021-04-07,351.9,2022-06-27,
749,Kumari Equity Fund,KEF,Mutual Fund,9.97,2021-04-19,9.35,2025-07-07,
750,9.5% Manjushree Finance Limited Debenture 2085,MFLD85,Corporate Debenture,1001.0,2021-04-20,1140.0,2025-06-17,
751,10.25% Machhapuchhre Bank Debenture 2085,MBLD2085,Corporate Debenture,1050.0,2021-04-26,1272.5,2025-07-03,
752,10.25% SBL Debenture 2083,SBLD83,Corporate Debenture,1030.0,2021-04-26,1122.0,2025-04-21,
753,10% Laxmi Bank Debenture 2086,LBLD86,Corporate Debenture,1050.0,2021-04-28,1105.4,2025-07-06,
754,10.25% Prabhu Bank  Debenture 2086,PBLD86,Corporate Debenture,1050.0,2021-04-28,1127.0,2025-05-04,
755,10.35% Agricultural Bank Debenture 2083,ADBLD83,Corporate Debenture,1055.0,2021-04-28,1136.5,2025-07-06,
756,Singati Hydro Energy Limited,SHEL,Hydropower,330.0,2021-04-28,281.83,2025-07-07,
757,Ru Ru Jalbidhyut Pariyojana Limited,RURU,Hydropower,384.0,2021-05-03,700.32,2025-07-07,
758,10% Nabil Debenture 2082,NBLD82,Corporate Debenture,1000.0,2021-05-27,1127.0,2025-06-25,
759,8.5% Sanima Debenture 2087,SBD87,Corporate Debenture,995.0,2021-06-02,1065.0,2025-07-07,
760,8.5% SBL Debenture 2084,SBLD84,Corporate Debenture,1000.0,2021-06-02,1041.0,2025-06-26,
761,CEDB Hydropower Development Company Limited,CHDC,Investment,457.0,2021-06-09,1719.9,2024-10-22,
762,Sunrise Bluechip Fund,SBCF,Mutual Fund,10.12,2021-06-09,9.99,2025-07-07,
763,Prabhu Select Fund,PSF,Mutual Fund,10.57,2021-06-22,11.12,2025-07-07,
764,NIBL Samriddhi Fund -2,NIBSF2,Mutual Fund,10.17,2021-06-27,8.72,2025-07-07,
765,12 % Goodwill Finance Limited Debenture 2083,GWFD83,Corporate Debenture,1155.0,2021-07-04,1181.9,2025-07-07,
766,Jeevan Bikas Laghubitta  Bittya Sanstha Ltd,JBLB,Microfinance,989.1,2021-07-29,1332.61,2025-07-07,
767,Union Life Insurance Company Limited,ULI,Life Insurance,362.8,2021-08-02,358.0,2023-05-08,
768,Manakamana Smart Laghubitta Bittiya Sanstha Limited,MKLB,Microfinance,296.7,2021-08-04,1169.0,2024-07-07,
769,9.5% NCC Debenture 2086,NCCD86,Corporate Debenture,1000.0,2021-08-11,1080.0,2025-07-07,
770,RBB Mutual Fund 1,RMF1,Mutual Fund,10.1,2021-09-02,9.77,2025-07-07,
771,Sanima Life Insurance Limited,SLI,Life Insurance,339.9,2021-09-02,396.8,2023-03-22,
772,NIC Asia Select Fund 30,NICSF,Mutual Fund,9.99,2021-09-07,9.32,2025-07-07,
773,8.5% Laxmi Bank Debenture 2088,LBLD88,Corporate Debenture,1000.0,2021-09-14,1078.0,2025-06-29,
774,Mailung Khola Jal Vidhyut Company Limited,MKJC,Hydropower,186.5,2021-09-22,521.82,2025-07-07,
775,8.75 % Prime Debenture 2085,PBD85,Corporate Debenture,1000.0,2021-09-23,1055.0,2025-07-07,
776,Manushi Laghubitta Bittiya Sanstha Limited,MLBS,Microfinance,397.5,2021-10-06,1521.07,2025-07-07,
777,Shangri-la Development Bank Debenture 2087,SDBD87,Corporate Debenture,1000.0,2021-10-21,1100.0,2025-07-07,
778,10 % NMB DEBENTURE 2085,NMBD2085,Corporate Debenture,1030.0,2021-10-27,1112.8,2025-07-07,
779,Sahas Urja Limited,SAHAS,Hydropower,445.8,2021-10-31,585.4,2025-07-07,
780,Terhathum Power Company Limited,TPC,Hydropower,259.2,2021-10-31,395.96,2025-07-07,
781,Mega Mutual Fund -1,MMF1,Mutual Fund,9.66,2021-11-18,9.13,2025-07-07,
783,8.5% Nepal Investment Bank Debenture 2084,NIBD84,Corporate Debenture,1000.0,2021-11-24,1050.0,2025-07-06,
784,Samling Power Company Limited,SPC,Hydropower,320.5,2021-11-25,511.3,2025-07-07,
785,Nyadi Hydropower Limited,NYADI,Hydropower,310.5,2021-11-29,465.87,2025-07-07,
786,Nabil Debenture 2085,NBLD85,Corporate Debenture,1000.0,2021-12-14,1036.0,2025-07-07,
787,Madhya Bhotekoshi Jalavidyut Company Limited,MBJC,Hydropower,110.0,2021-12-26,314.61,2025-07-07,
788,Buddha Bhumi Nepal Hydropower Company Limited,BNHC,Hydropower,261.7,2022-01-18,500.07,2025-07-07,
789,8.5% BOK Debenture 2086,BOKD86,Corporate Debenture,1000.0,2022-02-06,1048.6,2025-07-06,
790,Agricultural Development Bank Limited,ADBL,Commercial Banks,404.8,2022-02-22,296.51,2025-07-07,
791,Premier Insurance Company (Nepal) Limited,PIC,Non Life Insurance,865.0,2022-02-28,624.0,2023-02-28,
792,Emerging Nepal Limited,ENL,Investment,287.1,2022-03-06,1046.14,2025-07-07,
793,Rastra Utthan Laghubitta Sanstha Limited,RULB,Microfinance,502.0,2022-03-13,755.0,2023-07-13,
794,Jalpa Samudayik Laghubitta Bittiya Sanstha Limited,JALPA,Microfinance,318.6,2022-03-14,1442.1,2024-07-10,
795,Chhimek Laghubitta Bittiya Sanstha Limited,CBBL,Microfinance,1267.0,2022-03-16,952.29,2025-07-07,
796,Forward Microfinance Laghubitta Bittiya Sanstha Limited,FOWAD,Microfinance,2292.0,2022-03-16,1129.87,2025-07-07,
797,Life Insurance Corporation (Nepal) Limited,LICN,Life Insurance,2038.0,2022-03-16,883.77,2025-07-07,
798,Nepal Doorsanchar Company Limited,NTC,Others,1568.0,2022-03-16,848.77,2025-07-07,
799,Nerude Laghubitta Bittiya Sanstha Limited,NLBBL,Microfinance,1074.8,2022-03-16,595.0,2024-03-12,
800,Sana Kisan Bikas Laghubitta Bittiya Sanstha Limited,SKBBL,Microfinance,1230.0,2022-03-20,804.58,2025-07-07,
801,Nabil Balanced Fund-3,NBF3,Mutual Fund,9.88,2021-11-22,10.0,2025-07-07,
802,National Microfinance Laghubitta Bittiya Sanstha Limited,NMFBS,Microfinance,2365.0,2022-03-27,1366.0,2023-07-13,
803,NESDO Sambridha Laghubitta Bittiya Sanstha Limited,NESDO,Microfinance,793.3,2022-03-28,1580.84,2025-07-07,
804,Green Ventures Limited,GVL,Hydropower,298.2,2022-04-19,458.16,2025-07-07,
805,8.5% Nepal Bank Debenture 2087,NBLD87,Corporate Debenture,1000.0,2022-04-24,1050.0,2025-07-07,
806,Suryodaya Womi Laghubitta Bittiya Sanstha Limited,SWMF,Microfinance,1236.1,2022-05-12,710.18,2025-07-07,
807,Balephi Hydropower Limited,BHL,Hydropower,110.9,2022-05-25,210.89,2025-07-07,
808,Neco Insurance Limited,NIL,Non Life Insurance,786.0,2022-05-26,705.06,2025-07-07,
809,Upakar Laghubitta Bittiya Sanstha Limited,ULBSL,Microfinance,1259.9,2022-05-27,3402.28,2025-07-07,
810,CYC Nepal Laghubitta Bittiya Sanstha Limited,CYCL,Microfinance,382.2,2022-06-13,1604.98,2025-07-07,
811,Progressive Finance Limited,PROFL,Finance Company,224.2,2022-06-15,499.07,2025-07-07,
812,River Falls Power Limited,RFPL,Hydropower,290.2,2022-06-16,563.78,2025-07-07,
813,Janaki Finance Company Limited,JFL,Finance Company,350.0,2022-06-17,494.96,2025-07-07,
814,Janautthan Samudayic Laghubitta Bittya Sanstha Limited,JSLBB,Microfinance,1675.0,2022-06-23,1311.13,2025-07-07,
815,Citizens Bank International Limited,CZBIL,Commercial Banks,209.0,2022-06-28,211.66,2025-07-07,
816,Dordi Khola Jal Bidyut Company Limited,DORDI,Hydropower,315.0,2022-07-14,311.05,2025-07-07,
817,Civil Bank Debenture 2088,CBLD88,Corporate Debenture,1000.0,2022-07-18,1178.0,2025-07-03,
818,Adarsha Laghubitta Bittiya Sanstha Limited,ADLB,Microfinance,256.8,2022-07-22,1180.0,2023-06-15,
819,Century Debenture 2088,CCBD88,Corporate Debenture,1000.0,2022-07-27,1218.9,2025-07-03,
820,Kumari Dhanabriddhi Yojana,KDBY,Mutual Fund,9.0,2022-07-27,9.97,2025-07-07,
821,Bindhyabasini Hydropower Development Company Limited,BHDC,Hydropower,367.4,2022-07-28,490.79,2025-07-07,
822,Himalayan Hydropower Limited,HHL,Hydropower,250.8,2022-08-08,399.87,2025-07-07,
823,Himalayan Everest Insurance Limited,HEI,Non Life Insurance,459.5,2022-08-10,595.41,2025-07-07,
824,Upper Hewakhola Hydropower Company Limited,UHEWA,Hydropower,143.2,2022-08-11,564.48,2025-07-07,
825,Ridi Power Company Limited,RIDI,Hydropower,637.8,2022-08-15,255.42,2025-07-07,
826,Mandakini Hydropower Limited,MHL,Hydropower,261.0,2022-08-17,572.63,2025-07-07,
827,Swet-Ganga Hydropower & Construction Limited,SGHC,Hydropower,295.9,2022-08-17,399.42,2025-07-07,
828,Upper Solu Hydro Electric Company Limited,USHEC,Hydropower,357.0,2022-08-17,437.04,2025-07-07,
829,10% Prime Debenture 2088,PBD88,Corporate Debenture,980.0,2022-08-18,1193.0,2025-07-07,
830,Rapti Hydro And General Construction Limited,RHGCL,Hydropower,322.1,2022-08-31,387.9,2025-07-07,
831,Mirmire Laghubitta Bittya Sanstha Limited,MMFDB,Microfinance,1002.9,2022-09-12,580.0,2024-03-12,
832,NIC Asia Flexi CAP Fund,NICFC,Mutual Fund,10.0,2022-09-12,9.68,2025-07-07,
833,Aviyan Laghubitta Bittiya Sanstha Limited,AVYAN,Microfinance,347.6,2022-09-25,1018.69,2025-07-07,
834,People's Power Limited,PPL,Hydropower,255.7,2022-10-16,389.75,2025-07-07,
835,Sayapatri Hydropower Limited,SPHL,Hydropower,214.2,2022-10-17,633.45,2025-07-07,
836,Dhaulagiri Laghubitta Bittiya Sanstha Limited,DLBS,Microfinance,179.7,2022-10-23,1527.56,2025-07-07,
837,Manakamana Smart Laghubitta Bittiya Sanstha Limited Promoter Share,XxMKLBP,Promoter Share,,,,,No matching data
838,Jalpa Samudayik Laghubitta Bittiya Sanstha Limited Promoter Share,XxJLPAP,Promoter Share,,,,,No matching data
839,Jyoti Life Insurance Company Limited Promoter Share,XxJLIP,Promoter Share,,,,,No matching data
840,Buddha Jyoti Laghubitta Bittiya Sanstha Limited,XxBJL,Microfinance,,,,,No matching data
841,Deurali Laghubitta Bittiya Sanstha Limited.,XxDLB,Microfinance,,,,,No matching data
842,Surikhola Hydropower Limited,XxSHL,Hydropower,,,,,No matching data
843,Shaligram Laghubitta Bittiya Sanstha Limited.,XxSHLBS,Microfinance,,,,,No matching data
844,Samata Laghubitta Bittiya Sanstha Limited,XxSLBL,Microfinance,,,,,No matching data
845,Gharelu Laghubitta Bittiya Sanstha Limited,XxGLBL,Microfinance,,,,,No matching data
846,Srijana Finance Limited,XxSFL,Finance Company,,,,,No matching data
847,Grameen Swayamsewak Laghubitta Bittiya Sanstha Limited.,XxGSL,Microfinance,,,,,No matching data
848,Nepal Development Bank Limited,XxNDBL,Development Banks,,,,,No matching data
849,City Development Ltd.,XxCTD,Commercial Banks,,,,,No matching data
850,NDEP Development Bank Limited,XxNDEP,Commercial Banks,,,,,No matching data
851,Royal Merchant Banking and Finance Limited ,XxROYL,Microfinance,,,,,No matching data
852,Business Development Limited,XxBDL,Development Banks,,,,,No matching data
853,Pashupati Development Limited,XxPDL,Development Banks,,,,,No matching data
854,Vibor Bikash Bank Limited,XxVBBL,Commercial Banks,,,,,No matching data
855,Butwal Finance Limited,XxBFLL,Finance Company,,,,,No matching data
856,Shine Development Bank Limited,XxSDBL,Development Banks,,,,,No matching data
857,NIC Bank Limited,XxNICA,Commercial Banks,,,,,No matching data
858,Diyalo Bikash Bank Limited,XxDBB,Development Banks,,,,,No matching data
859,Social Development Limited,XxSOC,Development Banks,,,,,No matching data
860,Reliable Finance Ltd.,XxRFL,Finance Company,,,,,No matching data
861,Kist Bank Ltd.,XxKBL,Commercial Banks,,,,,No matching data
