Id,Business Date,Security Id,Symbol,Security Name,Open Price,High Price,Low Price,Close Price,Total Traded Quantity,Total Traded Value,Previous Day Close Price,Fifty Two Week High,Fifty Two Week Low,Last Updated Time,Last Updated Price,Total Trades,Average Traded Price,Market Capitalization
1,2025-08-24,131,NABIL,Nabil Bank Limited,520,520,513.1,,30128,15527778.2,518.14,668,474.1,2025-08-24T12:48:51.464496,513.5,257,515.39,
2,2025-08-24,132,NIMB,Nepal Investment Mega Bank Limited,211,213.5,211,,25317,5353017.4,212.08,284.6,201,2025-08-24T12:47:25.39085,211,117,211.43,
3,2025-08-24,133,SCB,Standard Chartered Bank Limited,624,626.9,624,,2028,1268669.3,626.12,790,597.1,2025-08-24T12:43:57.588344,626,47,625.57,
4,2025-08-24,134,HBL,Himalayan Bank Limited,214,214,210.1,,32373,6843930.6,213.02,310,210,2025-08-24T12:45:42.067973,212,126,211.4,
5,2025-08-24,135,SBI,Nepal SBI Bank Limited,385,390,385,,6685,2577657.8,385.29,549,372.2,2025-08-24T12:47:08.514302,385,38,385.58,
6,2025-08-24,137,EBL,Everest Bank Limited,748,754,740,,30613,22761997.9,747.77,790,567,2025-08-24T12:50:08.275759,740,238,743.54,
7,2025-08-24,139,NICA,NIC Asia Bank Ltd.,348.2,349.5,345,,34832,12089702.4,348.38,542.6,333,2025-08-24T12:50:20.950121,346.5,149,347.08,
8,2025-08-24,140,MBL,Machhapuchhre Bank Limited,249.8,249.8,247,,10806,2674871,247.29,290,208.6,2025-08-24T12:43:18.905019,247,36,247.53,
9,2025-08-24,141,LSL,Laxmi Sunrise Bank Limited,236,239,235,,14400,3398498.1,236.77,291,201,2025-08-24T12:41:14.466141,236.2,55,236,
10,2025-08-24,142,KBL,Kumari Bank Limited,202.9,203.9,201,,55723,11256613.1,201.85,264,192.1,2025-08-24T12:48:49.496745,201.7,225,202.01,
11,2025-08-24,145,SBL,Siddhartha Bank Limited,367,367,360,,21416,7736526,364.44,408,261,2025-08-24T12:43:54.558323,363,37,361.24,
12,2025-08-24,147,SHL,Soaltee Hotel Limited,569,572,561.2,,7288,4117692.2,563.63,619,455,2025-08-24T12:30:33.320696,564,31,564.99,
13,2025-08-24,148,TRH,Taragaon Regency Hotel Limited,960,970,955,,1122,1079499,956.83,1538,898,2025-08-24T12:42:55.411201,970,11,962.12,
14,2025-08-24,149,OHL,Oriental Hotels Limited,864,864,851.2,,1084,926156.8,862.03,1164.9,838.9,2025-08-24T12:30:53.380747,852.1,15,854.38,
15,2025-08-24,152,NHPC,National Hydro Power Company Limited,211,211,208.1,,10542,2210380.1,209.02,268,195.2,2025-08-24T12:43:18.668832,209,62,209.67,
16,2025-08-24,153,BPCL,Butwal Power Company Limited,820,831,818.1,,44449,36500778.6,825.98,1065,375.1,2025-08-24T12:49:44.38825,818.9,141,821.18,
17,2025-08-24,154,CHCL,Chilime Hydropower Company Limited,510.2,514,508,,19315,9850471,511.59,647,469.7,2025-08-24T12:43:59.230717,510,95,509.99,
18,2025-08-24,155,STC,Salt Trading Corporation,5101,5199.9,5101,,1096,5695623,5170.03,6700,4905.1,2025-08-24T12:40:53.261939,5199,11,5196.73,
19,2025-08-24,156,BBC,Bishal Bazar Company Limited,5409.5,5409.6,5325,,60,321958,5321.86,7247,4010,2025-08-24T12:35:44.601144,5330,6,5365.96,
20,2025-08-24,163,NUBL,Nirdhan Utthan Laghubitta Bittiya Sanstha Limited,799,805.8,795,,10821,8650109.5,790.2,875,650,2025-08-24T12:47:04.103756,801,72,799.38,
21,2025-08-24,164,CBBL,Chhimek Laghubitta Bittiya Sanstha Limited,1055,1080,1055,,27883,29742495.5,1048.96,1155,821.5,2025-08-24T12:50:11.055501,1070.1,175,1066.68,
22,2025-08-24,166,DDBL,Deprosc Laghubitta Bittiya Sanstha Limited,900,930.3,900,,3614,3296242.4,894.29,1085,759,2025-08-24T12:34:40.902722,910,52,912.07,
23,2025-08-24,171,SANIMA,Sanima Bank Limited,366,370,366,,27618,10178285.8,367.43,391,285,2025-08-24T12:50:18.532291,367.4,96,368.53,
24,2025-08-24,172,NABBC,Narayani Development Bank Limited,1412.9,1527,1344.6,,31653,45984737,1441.73,2060,530,2025-08-24T12:48:07.288128,1377,205,1452.77,
25,2025-08-24,176,NICL,Nepal Insurance Co. Ltd.,606,610,600,,4833,2904301,605.4,1162,570,2025-08-24T12:50:00.330928,603,39,600.93,
26,2025-08-24,177,RBCL,Rastriya Beema Company Limited,15401,15423.1,15400,,850,13105322,15460.75,20500,14024,2025-08-24T12:49:50.520221,15422,9,15418.02,
27,2025-08-24,178,NLICL,National Life Insurance Co. Ltd.,612.5,619,594,,1558,943017.5,600.79,738,551,2025-08-24T12:50:16.312014,601,26,605.27,
28,2025-08-24,179,HEI,Himalayan Everest Insurance Limited,580,587,580,,4886,2848688.9,580.24,775,547.4,2025-08-24T12:42:27.594802,582,29,583.03,
29,2025-08-24,180,UAIL,United Ajod Insurance Limited,539.96,541.5,532.1,,1201,641175.4,539.96,770,515.5,2025-08-24T12:46:35.413107,536.1,26,533.86,
30,2025-08-24,182,SPIL,Siddhartha Premier Insurance Limited,812.7,829.6,811,,980,806749,824.06,980.4,778,2025-08-24T12:48:00.278095,825,21,823.21,
31,2025-08-24,183,NIL,Neco Insurance Limited,695,711.9,695,,1795,1259653,698.05,1050,663.5,2025-08-24T12:44:37.743706,697,22,701.75,
32,2025-08-24,184,PRIN,Prabhu Insurance Ltd.,764,778,761,,1554,1190894.3,766.55,1113,762,2025-08-24T12:25:29.390796,773.8,20,766.34,
33,2025-08-24,185,SALICO,Sagarmatha Lumbini Insurance Co. Limited,681,681,680,,258,175481.8,680.01,861,650,2025-08-24T12:29:46.055742,680,3,680.16,
34,2025-08-24,186,IGI,IGI Prudential insurance Limited,535,535,525.2,,1189,627247.1,527.87,708,510,2025-08-24T12:43:39.208072,527.4,17,527.54,
35,2025-08-24,187,NLIC,Nepal Life Insurance Co. Ltd.,789,789,777,,5241,4100028.7,776.54,980,710,2025-08-24T12:46:00.958814,780,79,782.29,
36,2025-08-24,188,LICN,Life Insurance Corporation (Nepal) Limited,850.2,874.9,850.2,,1545,1331769.5,863.46,2475,830,2025-08-24T12:43:13.472298,863,31,861.98,
37,2025-08-24,192,SICL,Shikhar Insurance Co. Ltd.,740,745,737.5,,2181,1616617.6,738.35,1000,708.7,2025-08-24T12:41:55.388079,743,25,741.22,
38,2025-08-24,194,NFS,Nepal Finance Ltd.,707.8,714.5,695.6,,14644,10260970.6,706.77,2111,576,2025-08-24T12:50:11.052577,696.1,143,700.69,
39,2025-08-24,204,GUFL,Gurkhas Finance Ltd.,544.9,544.9,528,,3790,2018424,534.51,980,521.5,2025-08-24T12:47:20.731878,538,20,532.56,
40,2025-08-24,210,CIT,Citizen Investment Trust,1960,1960,1935,,1672,3241415,1932.99,2645,1869,2025-08-24T12:47:03.050892,1937.9,49,1938.64,
41,2025-08-24,213,BNT,Bottlers Nepal (Terai) Limited,12100,12100,12000,,60,721600,12111.68,16320,12000,2025-08-24T12:23:00.897626,12000,6,12026.66,
42,2025-08-24,227,BFC,Best Finance Company Ltd.,495,503,495,,2775,1384568,499.32,951.6,456,2025-08-24T12:39:31.314362,500,18,498.94,
43,2025-08-24,232,GFCL,Goodwill Finance Limited,625,643.8,625,,879,558352.8,631.24,1353,591.5,2025-08-24T12:16:31.984379,635,12,635.21,
44,2025-08-24,235,HDL,Himalayan Distillery Limited,1344.5,1474,1344.5,,1133157,1557221880.8,1371.91,1556.1,1136,2025-08-24T12:50:07.851502,1430.2,2256,1374.23,
45,2025-08-24,236,PFL,Pokhara Finance Ltd.,401,404.9,401,,2336,940128.8,401.23,794.9,339.9,2025-08-24T12:49:52.741847,402.5,19,402.45,
46,2025-08-24,238,NMB,NMB Bank Limited,245.2,252,245,,12473,3080982,249.51,288,230,2025-08-24T12:43:25.704406,249,57,247.01,
47,2025-08-24,244,SIFC,Shree Investment Finance Co. Ltd.,511,515,507.3,,1780,906778,508.34,795,481,2025-08-24T12:48:22.231124,508,21,509.42,
48,2025-08-24,245,CFCL,Central Finance Co. Ltd.,509,514,505,,5219,2662026,508.2,820,457.7,2025-08-24T12:50:21.282263,509,44,510.06,
49,2025-08-24,250,JFL,Janaki Finance Company Limited,477.9,477.9,468,,1674,787441.1,468.78,1083.3,400,2025-08-24T12:25:28.072336,468.2,21,470.39,
50,2025-08-24,255,PRVU,Prabhu  Bank Limited,212.86,214.9,211.9,,67237,14271534.6,212.86,285.7,194.1,2025-08-24T12:50:02.521169,212.9,140,212.25,
51,2025-08-24,256,SFCL,Samriddhi Finance Company Limited,460,464.9,458,,4363,2005628.9,460.04,1117.9,455,2025-08-24T12:37:48.326374,459,34,459.69,
52,2025-08-24,263,GMFIL,Guheshowori Merchant Bank & Finance Co. Ltd.,488.9,488.9,480,,3545,1706444,479.83,759,436.5,2025-08-24T12:27:36.424562,480,15,481.36,
53,2025-08-24,268,SWBBL,Swabalamban Laghubitta Bittiya Sanstha Limited,891,894,865,,12661,11149840.9,877.37,1199,782.4,2025-08-24T12:48:23.115677,879,41,880.64,
54,2025-08-24,273,ICFC,ICFC Finance Limited,669,675,664,,3959,2660213.4,662.12,910,555,2025-08-24T12:47:44.603559,673.8,32,671.94,
55,2025-08-24,274,EDBL,Excel Development Bank Ltd.,624,624,620.8,,2048,1274921.8,625.29,838.2,530.7,2025-08-24T12:36:57.807458,622,16,622.52,
56,2025-08-24,307,NTC,Nepal Doorsanchar Company Limited,850,863,850,,7167,6101978.6,850.4,1107,835,2025-08-24T12:48:52.496436,855,101,851.39,
57,2025-08-24,338,PROFL,Progressive Finance Limited,502.9,502.9,493,,3090,1525065.5,493.34,787,464,2025-08-24T12:37:50.698916,496.9,28,493.54,
58,2025-08-24,341,GBIME,Global IME Bank Limited,252,252,250.2,,19895,5001049.5,252.01,300,210.7,2025-08-24T12:49:03.299902,251,116,251.37,
59,2025-08-24,348,CZBIL,Citizens Bank International Limited,207.1,210,207.1,,7533,1566667.3,208.23,280.5,196,2025-08-24T12:49:52.457989,208,39,207.97,
60,2025-08-24,357,PCBL,Prime Commercial Bank Ltd.,257,258.8,255,,17655,4525951.9,254.71,318,229.5,2025-08-24T12:41:15.94013,256.2,53,256.35,
61,2025-08-24,358,LBBL,Lumbini Bikas Bank Ltd.,536.5,543.9,535,,20145,10812408,535.41,646.3,376.5,2025-08-24T12:50:16.370294,535,77,536.72,
62,2025-08-24,360,AHPC,Arun Valley Hydropower Development Co. Ltd.,289,299.7,289,,28780,8462161.2,294.89,349,239.3,2025-08-24T12:47:17.973615,292.4,142,294.02,
63,2025-08-24,371,MDB,Miteri Development Bank Limited,622,623,618,,3261,2022157,621.46,843.5,557,2025-08-24T12:37:03.873754,619,28,620.1,
64,2025-08-24,385,ALICL,Asian Life Insurance Co. Limited,478.8,489.9,478.8,,3883,1890911.9,488.57,831,478,2025-08-24T12:47:18.36271,487,41,486.97,
65,2025-08-24,393,HLI,Himalayan Life Insurance Limited,401,405.8,401,,7160,2881718.4,401.3,550,377.7,2025-08-24T12:50:12.894503,403,111,402.47,
66,2025-08-24,396,NMLBBL,Nerude Mirmire Laghubitta Bittiya Sanstha Limited,697,710,686.3,,15976,11204581.1,684.3,925,608.2,2025-08-24T12:39:35.481678,691,65,701.33,
67,2025-08-24,397,ADBL,Agricultural Development Bank Limited,330.9,330.9,326.1,,13914,4570918.8,329.26,420.2,272.3,2025-08-24T12:45:06.026376,327.2,92,328.51,
68,2025-08-24,401,MLBL,Mahalaxmi Bikas Bank Ltd.,393.5,397.9,393.3,,8035,3167472.1,394.57,498,358,2025-08-24T12:47:55.062149,394,49,394.2,
69,2025-08-24,403,SJLIC,SuryaJyoti Life Insurance Company Limited,431.2,436,431.2,,7949,3454735,433.97,580,420,2025-08-24T12:48:32.875381,434,85,434.61,
70,2025-08-24,417,GBBL,Garima Bikas Bank Limited,428.1,432,425.3,,8231,3509624.5,426.14,531.4,378.7,2025-08-24T12:50:02.838248,426.1,41,426.39,
71,2025-08-24,418,JBBL,Jyoti Bikas Bank Limited,332,335.8,331.1,,8480,2823580.9,332.34,445,315,2025-08-24T12:42:45.084944,331.1,61,332.96,
72,2025-08-24,450,CORBL,Corporate Development Bank Limited,1940,2015,1901.2,,649,1267468.4,1976.99,2842.3,766.3,2025-08-24T12:31:06.218355,1945.5,19,1952.95,
73,2025-08-24,459,KSBBL,Kamana Sewa Bikas Bank Limited,515,519.9,515,,16817,8671985,516.2,588,416,2025-08-24T12:48:07.887599,515,58,515.66,
74,2025-08-24,469,NIMBPO,Nepal Investment Mega Bank Ltd. Promoter Share,162,164,162,,268,43928,164,200,147.7,2025-08-24T12:01:40.42265,164,2,163.91,
75,2025-08-24,471,MPFL,Multipurpose Finance Company  Limited,594,607,585,,7702,4561290.8,596.27,936.9,549,2025-08-24T12:50:00.740904,595.3,45,592.22,
76,2025-08-24,472,SADBL,Shangrila Development Bank Ltd.,432.5,439,432.5,,19012,8287219.6,435.08,526.5,372.4,2025-08-24T12:48:23.28812,435,57,435.89,
77,2025-08-24,473,SHINE,Shine Resunga Development Bank Ltd.,426,430,425.4,,3522,1500819.7,425.75,625,390,2025-08-24T12:40:26.235441,425.4,34,426.12,
78,2025-08-24,474,MNBBL,Muktinath Bikas Bank Ltd.,445,450,439,,50841,22505934.4,445.17,503,349,2025-08-24T12:49:15.126601,440,161,442.67,
79,2025-08-24,490,FMDBL,First Micro Finance Laghubitta Bittiya Sanstha Limited,870,880,870,,2892,2532270.6,870.69,1038.8,687,2025-08-24T12:46:16.670491,873.2,25,875.61,
80,2025-08-24,516,MFIL,Manjushree Finance Ltd.,672,678,668.2,,9743,6554935.6,670.99,900,560,2025-08-24T12:49:18.340369,673,48,672.78,
81,2025-08-24,517,NBL,Nepal Bank Limited,257,259,255.3,,15854,4059669.1,255.6,328.4,239.2,2025-08-24T12:50:11.570114,255.8,79,256.06,
82,2025-08-24,545,SLBBL,Swarojgar Laghubitta Bittiya Sanstha Ltd.,966,969.5,953.3,,1618,1564696.8,952.98,1250,780,2025-08-24T12:46:25.999554,969,31,967.05,
83,2025-08-24,559,NLG,NLG Insurance Company Ltd.,808.5,815,805.2,,4052,3280153.1,805,1382,738.1,2025-08-24T12:49:26.594764,810,34,809.51,
84,2025-08-24,561,SINDU,Sindhu Bikash Bank Ltd,757.7,760,757.7,,1230,933069.1,755.21,1482,541.3,2025-08-24T12:43:30.625148,758,34,758.59,
85,2025-08-24,574,SKBBL,Sana Kisan Bikas Laghubitta Bittiya Sanstha Limited,885,902.7,885,,28667,25555823.8,878.56,1099,780,2025-08-24T12:49:15.833992,888.8,144,891.47,
86,2025-08-24,583,GBLBS,Grameen Bikas Laghubitta Bittiya Sanstha Ltd.,792,792,784.2,,441,346494.6,786.75,987,667.1,2025-08-24T12:50:06.742742,785.5,14,785.7,
87,2025-08-24,587,RLFL,Reliance Finance Ltd.,476.24,485.7,476.24,,1680,809721.2,476.24,838,453,2025-08-24T12:48:00.000919,478.2,22,481.97,
88,2025-08-24,591,SHPC,Sanima Mai Hydropower Ltd.,562,562,558,,21953,12283065,557.48,684.9,438.1,2025-08-24T12:49:51.064701,558.1,87,559.51,
89,2025-08-24,593,KMCDB,Kalika Laghubitta Bittiya Sanstha Ltd,1057,1090,1057,,313,336768.8,1077.35,1270,950.6,2025-08-24T12:41:18.002009,1070.6,20,1075.93,
90,2025-08-24,601,MLBBL,Mithila LaghuBitta Bittiya Sanstha Limited,1491,1569.7,1491,,461,698646,1521.4,2019,1360,2025-08-24T12:15:29.643894,1569.7,9,1515.5,
91,2025-08-24,610,RIDI,Ridi Power Company Limited,251.1,255.5,250.5,,20771,5244579.1,250.57,302,210,2025-08-24T12:49:42.00531,250.7,82,252.49,
92,2025-08-24,618,LLBS,Laxmi Laghubitta Bittiya Sanstha Ltd.,1073,1073,1052,,288,307196,1063.82,1367.3,990,2025-08-24T12:35:54.968245,1052,4,1066.65,
93,2025-08-24,686,BARUN,Barun Hydropower Co. Ltd.,369.8,369.8,360,,21673,7844081.8,363.91,589,296.1,2025-08-24T12:44:27.634477,360,76,361.92,
94,2025-08-24,687,VLBS,Vijaya laghubitta Bittiya Sanstha Ltd.,842,842,830,,366,306565,826.09,1008,770,2025-08-24T12:18:23.663627,830,9,837.6,
95,2025-08-24,693,HLBSL,Himalayan Laghubitta Bittiya Sanstha Limited,999,999,978.1,,459,453148.9,988.58,1140,817,2025-08-24T12:15:42.868541,978.1,9,987.25,
96,2025-08-24,694,MATRI,Matribhumi Lagubitta Bittiya Sanstha Limited,1115.6,1180,1115.6,,1167,1328720.6,1138.31,1690.8,1125,2025-08-24T12:50:14.926341,1130,31,1138.57,
97,2025-08-24,695,JSLBB,Janautthan Samudayic Laghubitta Bittya Sanstha Limited,1264,1288.6,1264,,270,345322.6,1263.36,1860.4,1216.2,2025-08-24T11:58:03.607149,1264.2,7,1278.97,
98,2025-08-24,697,API,Api Power Company Ltd.,287.1,296,287.1,,27707,8142243.6,292.93,388,246.2,2025-08-24T12:48:44.261816,293,123,293.86,
99,2025-08-24,700,HEIP,Himalayan Everest Insurance Limited Promoter,372.9,372.9,372.9,,40,14916,367,563,342.2,2025-08-24T12:17:16.363818,372.9,1,372.9,
100,2025-08-24,704,NMBMF,NMB  Microfinance Bittiya Sanstha Ltd.,702.1,710,702.1,,609,429907.3,712.81,876,646.8,2025-08-24T12:48:05.35971,707,12,705.92,
101,2025-08-24,705,GILB,Global IME Laghubitta Bittiya Sanstha Ltd.,1301.86,1324,1301.86,,808,1066457.7,1301.86,1441.6,1118.2,2025-08-24T12:36:02.281979,1321,11,1319.87,
102,2025-08-24,706,SWMF,Suryodaya Womi Laghubitta Bittiya Sanstha Limited,736,740,736,,346,255410.8,741.15,951,676,2025-08-24T12:47:25.393657,740,9,738.18,
103,2025-08-24,1741,MERO,Mero Microfinance Bittiya Sanstha Ltd.,852,852,832,,2424,2044477,846.46,1000,648,2025-08-24T12:40:01.885242,834,18,843.43,
104,2025-08-24,2742,HIDCL,Hydorelectricity Investment and Development Company Ltd,280.3,289,280.3,,47289,13473896.5,285.97,340,225.4,2025-08-24T12:49:48.550444,285,152,284.92,
105,2025-08-24,2743,NGPL,Ngadi Group Power Ltd.,393.3,409,393.3,,31309,12615085.9,401.24,571,250,2025-08-24T12:47:00.389748,400.1,153,402.92,
106,2025-08-24,2744,GRDBL,Green Development Bank Ltd.,1149,1217,1149,,3131,3716674.3,1168.27,2001.4,617.4,2025-08-24T12:48:09.567432,1166.1,25,1187.05,
107,2025-08-24,2746,NMFBS,National Laghubitta Bittiya Sanstha Limited,1305,1315,1295.1,,2185,2834386.1,1305,1639.5,1161,2025-08-24T12:49:05.923248,1297,13,1297.2,
108,2025-08-24,2748,RSDC,RSDC Laghubitta Bittiya Sanstha Ltd.,681,690,681,,1938,1329374,686.3,880,638,2025-08-24T12:50:22.603682,687,29,685.95,
109,2025-08-24,2751,KKHC,Khanikhola Hydropower Co. Ltd.,263,265,263,,627,165813,264.2,475.9,235.2,2025-08-24T12:42:31.10965,263,15,264.45,
110,2025-08-24,2754,DHPL,Dibyashwori Hydropower Ltd.,322,328,313,,9079,2861197,322.22,427.2,213.1,2025-08-24T12:50:09.681486,315,39,315.14,
111,2025-08-24,2757,AKPL,Arun Kabeli Power Ltd.,257.1,262,257.1,,26378,6860693.3,257.5,313,211.3,2025-08-24T12:49:56.458274,259.2,113,260.09,
112,2025-08-24,2758,FOWAD,Forward Microfinance Laghubitta Bittiya Sanstha Limited,1125,1130,1120,,2187,2454788.5,1136.77,1698,1059.3,2025-08-24T12:50:17.85972,1121,39,1122.44,
113,2025-08-24,2759,SPDL,Synergy Power Development Ltd.,397,401,396.1,,11457,4568143,397.56,465,260,2025-08-24T12:43:35.976848,398.3,47,398.72,
114,2025-08-24,2760,UMHL,United Modi Hydropower Ltd.,570,579.4,570,,14620,8425565.4,574.48,625,276.7,2025-08-24T12:49:51.454098,575.6,99,576.3,
115,2025-08-24,2761,SMATA,Samata Gharelu Laghubitta Bittiya Sanstha Limited,939,939,907,,6320,5764948.9,923.78,1382,734.1,2025-08-24T12:49:49.041943,907,94,912.17,
116,2025-08-24,2766,CHL,Chhyangdi Hydropower Ltd.,295,300.9,292,,4955,1465885.5,297.2,599.7,276,2025-08-24T12:45:06.436429,295,34,295.83,
117,2025-08-24,2767,HPPL,Himalayan Power Partner Ltd.,488,502.9,488,,2030,1009816.4,495.15,711,290.1,2025-08-24T12:48:56.963985,497,31,497.44,
118,2025-08-24,2768,MSLB,Mahuli Laghubitta Bittiya Sanstha Limited,1498.3,1544.9,1498.3,,1453,2200634,1527.69,1851,1130.2,2025-08-24T12:47:39.177285,1511,30,1514.54,
119,2025-08-24,2769,NHDL,Nepal Hydro Developers Ltd.,727.62,734,723,,2327,1683025.2,727.62,1002.6,520,2025-08-24T12:43:57.181201,723,15,723.25,
120,2025-08-24,2770,SEF,Siddhartha Equity Fund,9.6,9.6,9.06,,20200,185615,9.48,11.5,8.72,2025-08-24T12:40:19.199731,9.06,11,9.18,
121,2025-08-24,2771,SMB,Support Microfinance Bittiya Sanstha Ltd.,2260,2305,2260,,152,348648.1,2289.92,4026.2,1690,2025-08-24T12:50:23.139353,2300,9,2293.73,
122,2025-08-24,2774,USLB,Unnati Sahakarya Laghubitta Bittiya Sanstha Limited,2141,2179.9,2140.1,,3161,6872271.2,2165.91,2750,1320,2025-08-24T12:36:21.86285,2179.9,19,2174.08,
123,2025-08-24,2776,RADHI,Radhi Bidyut Company Ltd,766,774,762,,18995,14523661.8,766.87,905.6,322.2,2025-08-24T12:41:09.241604,762.8,76,764.6,
124,2025-08-24,2781,WNLB,Wean Nepal Laghubitta Bittiya Sanstha Limited,2200,2219.8,2177,,90,198568,2180.33,4271,1457,2025-08-24T12:21:09.340711,2209,6,2206.31,
125,2025-08-24,2784,NADEP,Nadep Laghubittiya bittya Sanstha Ltd.,848.9,849,841.1,,315,267353,849.04,1188,775,2025-08-24T12:33:37.933542,841.1,7,848.73,
126,2025-08-24,2786,PMHPL,Panchakanya Mai Hydropower Ltd,391,396,388.2,,34052,13351658.9,396.08,468,237.6,2025-08-24T12:48:46.664867,393.5,110,392.09,
127,2025-08-24,2787,KPCL,Kalika power Company Ltd,597,600,579.1,,23901,14028760.4,590.74,711,440,2025-08-24T12:44:39.271284,584,120,586.95,
128,2025-08-24,2788,AKJCL,Ankhu Khola Jalvidhyut Company Ltd,203.5,207,203.5,,12190,2499639.3,205.11,254,187.2,2025-08-24T12:47:32.630511,204.1,65,205.05,
129,2025-08-24,2789,JOSHI,Joshi Hydropower Development Company Ltd,308,313.4,307.1,,5183,1603403.9,310.04,521.6,265,2025-08-24T12:47:53.97778,309,53,309.35,
130,2025-08-24,2790,ACLBSL,Aarambha Chautari Laghubitta Bittiya Sanstha Limited,1070,1157,1070,,435,485534,1070.26,1284.9,965,2025-08-24T12:39:45.284692,1132.9,21,1116.17,
131,2025-08-24,2792,UPPER,Upper Tamakoshi Hydropower Ltd,194,195.3,193.9,,45336,8809927.2,194.49,274,192,2025-08-24T12:50:19.314194,193.9,262,194.32,
132,2025-08-24,2804,SLBSL,Samudayik Laghubitta Bittiya Sanstha Limited,1541.7,1599,1530,,6253,9628974,1573.13,3047,1180,2025-08-24T12:46:23.591922,1550,54,1539.89,
133,2025-08-24,2806,GHL,Ghalemdi Hydro Limited,243,244,241.7,,9718,2355444.8,240.67,318,193.5,2025-08-24T12:44:16.861871,241.7,45,242.37,
134,2025-08-24,2807,ALBSL,Asha Laghubitta Bittiya Sanstha Ltd,966.3,985.9,966.3,,697,681701.4,983.18,1175,771,2025-08-24T12:47:55.173226,985.9,22,978.05,
135,2025-08-24,2809,SHIVM,SHIVAM CEMENTS LTD,626,629,622,,59103,36945472.1,623.01,723,495,2025-08-24T12:48:22.668573,624,276,625.1,
136,2025-08-24,2810,UPCL,UNIVERSAL POWER COMPANY LTD,381.4,396.7,381.4,,25354,9912171.7,389.15,489,234,2025-08-24T12:49:59.224734,388,109,390.95,
137,2025-08-24,2811,MHNL,Mountain Hydro Nepal Limited,266.1,274.9,266.1,,6574,1761220.5,271.31,345,234,2025-08-24T12:47:47.502634,269,42,267.9,
138,2025-08-24,2813,PPCL,Panchthar Power Compant Limited,339.9,340.8,331.8,,4529,1512876.1,334.32,409.9,221.6,2025-08-24T12:50:23.257075,331.8,45,334.04,
139,2025-08-24,2815,GMFBS,Ganapati Laghubitta Bittiya Sanstha Limited,1583,1589.1,1558,,126,199606,1583,1980,1397,2025-08-24T12:28:09.835546,1589.1,5,1584.17,
140,2025-08-24,2824,HURJA,Himalaya Urja Bikas Company Limited,237,239.9,237,,9316,2212596.7,236.17,283.4,198,2025-08-24T12:45:39.114021,237,45,237.5,
141,2025-08-24,2826,GLBSL,Gurans Laghubitta Bittiya Sanstha Limited,2259.18,2263,2259.18,,50,112993,2259.18,3486,1560,2025-08-24T12:48:29.247979,2263,7,2259.86,
142,2025-08-24,2829,SMFBS,Swabhimaan Laghubitta Bittiya Sanstha Limited,1790.69,1805,1777,,725,1304907,1790.69,2426.4,1398.5,2025-08-24T12:18:40.169093,1802,7,1799.87,
143,2025-08-24,2831,UNHPL,Union Hydropower Limited,393.8,393.8,385.4,,8589,3326287,387.1,486.4,235,2025-08-24T12:49:42.213376,387,55,387.27,
144,2025-08-24,2832,ILBS,Infinity Laghubitta Bittiya Sanstha Limited,1195.4,1218.9,1195.4,,6583,7929796.5,1219.78,1290,795.2,2025-08-24T12:45:02.688453,1202,26,1204.58,
145,2025-08-24,2835,NBF2,NABIL BALANCED FUND-2,10.05,10.5,10.05,,15035,156491.05,10.23,11.1,8.7,2025-08-24T12:45:45.825784,10.5,8,10.4,
146,2025-08-24,2841,RHPL,RASUWAGADHI HYDROPOWER COMPANY LIMITED,321,350,314,,37718,12001309.6,321.43,527,298,2025-08-24T12:46:25.21347,315,214,318.18,
147,2025-08-24,2842,SJCL,SANJEN JALAVIDHYUT COMPANY LIMITED,311,311,301.1,,2325,703986.5,304.98,397.8,295.3,2025-08-24T12:42:50.518328,301.5,37,302.78,
148,2025-08-24,2859,SIGS2,Siddhartha Investment Growth Scheme - 2,9.34,9.34,9,,117100,1062430,9.53,11.7,8.62,2025-08-24T12:24:16.988823,9.1,9,9.07,
149,2025-08-24,2860,SAPDBL,Saptakoshi Development Bank Ltd,840.1,866.7,840.1,,4263,3656294.4,850.16,1622.7,464.4,2025-08-24T12:46:28.050495,852,62,857.68,
150,2025-08-24,2862,CMF2,CITIZENS MUTUAL FUND 2,9.89,10,9.89,,2950,29430,10.04,10.86,9,2025-08-24T12:21:36.748033,10,4,9.97,
151,2025-08-24,2867,NMB50,NMB 50,11.3,11.5,11.1,,125600,1435062,11.25,12.54,9.57,2025-08-24T12:21:19.811276,11.49,23,11.42,
152,2025-08-24,2875,PBLD86,10.25% Prabhu Bank  Debenture 2086,1139,1141.5,1139,,25,28512.5,1127.1,1169,1050,2025-08-24T12:09:22.820766,1141.5,2,1140.5,
153,2025-08-24,2877,SFMF,Sunrise First Mutual Fund,9.75,9.75,9.61,,40600,395349,9.6,11.99,9.22,2025-08-24T12:44:45.899411,9.61,5,9.73,
154,2025-08-24,2880,HDHPC,Himal Dolakha Hydropower Company Limited,195.1,201,195.1,,26753,5332070.3,198.99,253,184,2025-08-24T12:40:57.554699,198.8,98,199.3,
155,2025-08-24,2881,NRIC,Nepal Reinsurance Company Limited,1584,1590,1565,,53948,85158864.8,1563.17,1691,722,2025-08-24T12:49:56.983686,1575,291,1578.53,
156,2025-08-24,2883,GWFD83,12 % Goodwill Finance Limited Debenture 2083,1195.6,1195.6,1195.6,,200,239120,1220,1464.8,1090,2025-08-24T12:24:35.793351,1195.6,1,1195.6,
157,2025-08-24,2887,NICLBSL,NIC ASIA Laghubitta Bittiya Sanstha Limited,610.8,625,610.8,,1386,860557.7,617.3,900,602,2025-08-24T12:46:58.347071,620,40,620.89,
158,2025-08-24,2889,CIZBD86,10.25% Citizens Bank Debenture 2086,1185.9,1190,1185.9,,20,23759,1175,1178.7,1041,2025-08-24T12:11:57.233756,1190,2,1187.95,
159,2025-08-24,2892,NBLD82,10% Nabil Debenture 2082,1047.6,1047.6,1047.6,,25,26190,1046.7,1248,1027.2,2025-08-24T11:20:29.244796,1047.6,1,1047.6,
160,2025-08-24,2896,SMPDA,Sampada Laghubitta Bittiya Sanstha Limited,916,925,915,,2174,1994146,918.33,1205,826,2025-08-24T12:47:34.516978,915,51,917.27,
161,2025-08-24,2897,SMPDAP,Sampada Laghubitta Bittiya Sanstha Limited Promoter,518,518,518,,10000,5180000,518,550,495,2025-08-24T11:39:25.412359,518,1,518,
162,2025-08-24,2898,NRN,NRN Infrastructure and Development Limited,2173.1,2196.9,2170,,7783,16956816.2,2179.47,2444,878,2025-08-24T12:48:34.377118,2170,97,2178.69,
163,2025-08-24,2902,LUK,Laxmi Unnati Kosh,9.13,9.43,9.13,,8050,74012.5,9.25,11.97,8.7,2025-08-24T12:26:55.178456,9.25,9,9.19,
164,2025-08-24,2903,LEC,Liberty Energy Company Limited,244.7,247,239.4,,86149,20927662.7,242.48,340,195,2025-08-24T12:50:11.409959,239.4,288,242.92,
165,2025-08-24,2904,PBLD84,10% Prabhu Bank Debenture 2084 ,1100,1100,1086,,50,54650,1100,1144,1024.2,2025-08-24T11:29:31.800283,1086,2,1093,
166,2025-08-24,2907,SSHL,Shiva Shree Hydropower Ltd,194,194,190.5,,14048,2689244.8,192.76,313.8,191.1,2025-08-24T12:49:37.857454,191,115,191.43,
167,2025-08-24,2908,SGIC,Sanima GIC Insurance Limited,560.9,572,560.9,,6114,3455015.6,562.75,817.1,525,2025-08-24T12:44:53.413615,562,43,565.09,
168,2025-08-24,2913,MEN,Mountain Energy Nepal Limited,630,641,630,,12925,8187008.7,634.07,761,552.4,2025-08-24T12:47:41.703104,631.3,101,633.42,
169,2025-08-24,2914,UMRH,United IDI Mardi RB Hydropower Limited.,622.2,628.9,616,,3261,2023281.3,622.19,790,406.7,2025-08-24T12:39:13.123568,616,39,620.44,
170,2025-08-24,2915,PMLI,Prabhu Mahalaxmi Life Insurance Limited,500,512,500,,3701,1878940.3,502.29,719.9,480.2,2025-08-24T12:40:50.588119,506,73,507.68,
171,2025-08-24,2917,CGH,Chandragiri Hills Limited,1058.5,1058.5,1030,,15223,15807504.4,1058.06,1186,842.1,2025-08-24T12:49:35.390548,1040,179,1038.39,
172,2025-08-24,2919,NIFRA,Nepal Infrastructure Bank Limited,283.9,283.9,279.29,,51826,14515096.68,279.58,337,240.1,2025-08-24T12:50:10.362066,279.5,310,280.07,
173,2025-08-24,2923,SLCF,Sanima Large Cap Fund,9.42,9.5,9.07,,66350,608539.5,9.59,11.99,8.75,2025-08-24T12:47:19.600415,9.1,38,9.17,
174,2025-08-24,2924,GLH,GreenLife Hydropower Limited,266,268.5,264.2,,7391,1964246.7,266.2,313,223.8,2025-08-24T12:44:00.455676,266,53,265.76,
175,2025-08-24,2925,MLBSL,Mahila Lagubitta Bittiya Sanstha Limited ,2194,2194,2155,,322,696992.8,2194.28,2648.7,1950,2025-08-24T12:25:12.804327,2175,13,2164.57,
176,2025-08-24,2931,NIBD84,8.5% Nepal Investment Bank Debenture 2084,1039.9,1039.9,1033,,75,77647.5,1039.9,1077,999,2025-08-24T12:10:29.438079,1033,2,1035.3,
177,2025-08-24,2932,MFLD85,9.5% Manjushree Finance Limited Debenture 2085,1058,1058,1058,,25,26450,1058,1163,1016,2025-08-24T11:20:58.376702,1058,1,1058,
178,2025-08-24,2933,KEF,Kumari Equity Fund,10.1,10.1,10.01,,68400,687829,10.06,10.76,7.91,2025-08-24T12:48:38.913028,10.01,20,10.05,
179,2025-08-24,2934,SHEL,Singati Hydro Energy Limited,307,310.9,305,,82581,25336393.3,307.32,347.8,222.1,2025-08-24T12:46:13.746006,306,261,306.8,
180,2025-08-24,2935,RURU,Ru Ru Jalbidhyut Pariyojana Limited,726,749,726,,293,217630,740.73,885,660,2025-08-24T12:35:14.022521,745,13,742.76,
181,2025-08-24,2937,SBCF,Sunrise Bluechip Fund,9.12,9.12,9.07,,450,4086.5,9.3,12.03,8.36,2025-08-24T12:29:24.1687,9.07,3,9.08,
182,2025-08-24,3946,CHDC,CEDB Holdings Limited,2574,2590,2551,,7478,19211842.9,2574.03,2997.9,1538.6,2025-08-24T12:38:52.290157,2570,91,2569.11,
183,2025-08-24,4947,PSF,Prabhu Select Fund,11.45,11.45,11.24,,34800,391531,11.23,11.9,9.06,2025-08-24T12:26:55.126938,11.26,11,11.25,
184,2025-08-24,4949,NIBSF2,NIBL Samriddhi Fund -2,8.7,8.75,8.7,,1799,15656.3,8.85,9.6,7.65,2025-08-24T12:48:19.423616,8.7,7,8.7,
185,2025-08-24,4951,JBLB,Jeevan Bikas Laghubitta  Bittya Sanstha Ltd,1455,1474.2,1455,,3163,4647397.4,1465.29,1855,1270.7,2025-08-24T12:49:59.85745,1472,68,1469.3,
186,2025-08-24,4959,NBLD87,8.5% Nepal Bank Debenture 2087,1015.5,1015.5,1015.5,,25,25387.5,1030,1083.3,987,2025-08-24T11:09:18.913887,1015.5,1,1015.5,
187,2025-08-24,4961,BOKD86,8.5% BOK Debenture 2086,1032.2,1032.2,1032.2,,25,25805,1052,1095,1000,2025-08-24T11:26:26.184318,1032.2,1,1032.2,
188,2025-08-24,4963,NMBD87/88,NMB Debenture 8.50% - 2087/88,1076,1076,1055,,125,132400,1076,1103.6,968,2025-08-24T12:18:23.396161,1055,2,1059.2,
189,2025-08-24,4965,SAMAJ,Samaj Laghubittya Bittiya Sanstha Limited,2874,2893.9,2790,,578,1646269.7,2837.22,4181,2092,2025-08-24T12:46:23.590828,2840,23,2848.21,
190,2025-08-24,4967,NICSF,NIC Asia Select Fund 30,8.9,8.93,8.9,,1500,13387,9.06,11.45,8.49,2025-08-24T12:49:25.64731,8.93,5,8.92,
191,2025-08-24,4968,RMF1,RBB Mutual Fund 1,10.84,11.27,10.84,,309200,3439168.77,11.06,11.4,8.1,2025-08-24T12:48:59.184961,11.2,55,11.12,
192,2025-08-24,5982,SRLI,Sanima Reliance Life Insurance Limited,402.1,403.9,401.2,,3766,1513481.2,402.49,654,390,2025-08-24T12:50:12.897806,401.8,103,401.88,
193,2025-08-24,7986,NICD88,NIC ASIA Rinpatra 2088,1019.5,1019.5,1019.5,,25,25487.5,1022.8,1100,980,2025-08-24T11:19:36.786522,1019.5,1,1019.5,
194,2025-08-24,8004,GBILD86/87,Global IME Bank Limited Debenture 2086/87,1070,1071,1070,,2025,2168750,1050,1100,994,2025-08-24T12:45:17.49873,1071,2,1070.98,
195,2025-08-24,8005,MKJC,Mailung Khola Jal Vidhyut Company Limited,584.8,584.8,566.4,,16807,9627887.5,574.7,632,402,2025-08-24T12:48:58.070065,570,80,572.84,
196,2025-08-24,8018,MLBS,Manushi Laghubitta Bittiya Sanstha Limited,1560,1590,1560,,439,696138,1585.62,2530,1380,2025-08-24T12:38:55.739892,1573,15,1585.73,
197,2025-08-24,8020,JBBD87,Jyoti Bikash Bank Bond 2087,1065,1065,1065,,12,12780,1065,1182,985.5,2025-08-24T11:28:53.551285,1065,1,1065,
198,2025-08-24,8021,SAHAS,Sahas Urja Limited,640,645,639,,43348,27820062,640.17,705,409.5,2025-08-24T12:46:36.961801,641.3,204,641.78,
199,2025-08-24,8022,TPC,Terhathum Power Company Limited,373,373,365.2,,1739,639405,366.96,671.6,334,2025-08-24T12:41:30.789706,365.2,22,367.68,
200,2025-08-24,8023,MMF1,Mega Mutual Fund -1,9.15,9.48,9.15,,7000,66008,9.33,9.85,7.85,2025-08-24T12:41:43.081626,9.35,15,9.42,
201,2025-08-24,8024,NBF3,Nabil Balanced Fund-3,10.08,10.08,10.02,,5240,52565.7,10.09,10.53,8.14,2025-08-24T12:24:33.006264,10.04,13,10.03,
202,2025-08-24,8025,SPC,Samling Power Company Limited,530,540,530,,3479,1868304,530.68,722,471.7,2025-08-24T12:49:46.158719,533.6,29,537.02,
203,2025-08-24,8026,NYADI,Nyadi Hydropower Limited,430,438,427,,2515,1079996,432.09,880,283.3,2025-08-24T12:39:31.017006,430,39,429.42,
204,2025-08-24,8031,MBJC,Madhya Bhotekoshi Jalavidyut Company Limited,309,313,309,,5377,1671989.5,313.57,415,293.5,2025-08-24T12:47:53.69353,310.7,119,310.95,
205,2025-08-24,8032,BNHC,Buddha Bhumi Nepal Hydropower Company Limited,519,530,519,,3442,1797288.2,521.18,652,440,2025-08-24T12:44:28.676723,523,28,522.16,
206,2025-08-24,8033,GBBD85,Garima Debenture, 2085,1033,1033,1033,,25,25825,1053,1131.4,999,2025-08-24T11:27:10.333091,1033,1,1033,
207,2025-08-24,8034,ENL,Emerging Nepal Limited,1055,1055,1048.1,,47,49466,1054.24,1452,1022.1,2025-08-24T12:44:24.316714,1048.1,4,1052.46,
208,2025-08-24,8041,NESDO,NESDO Sambridha Laghubitta Bittiya Sanstha Limited,1605,1629.9,1588.1,,356,578107.8,1605.62,2641,1470.5,2025-08-24T12:48:10.953194,1620,12,1623.89,
209,2025-08-24,8045,GVL,Green Ventures Limited,541,559,541,,17271,9548069.2,546.75,662,424,2025-08-24T12:49:05.740058,551.2,96,552.83,
210,2025-08-24,8055,BHL,Balephi Hydropower Limited,202,202,199.9,,63000,12625178.2,199.59,520,195,2025-08-24T12:49:22.547897,199.9,268,200.39,
211,2025-08-24,8063,ULBSL,Upakar Laghubitta Bittiya Sanstha Limited,3560,3615,3560,,49,174865.2,3574.3,6600,2751,2025-08-24T12:22:59.450627,3615,6,3568.67,
212,2025-08-24,8065,CYCL,CYC Nepal Laghubitta Bittiya Sanstha Limited,1705,1844.1,1705,,936,1638115.2,1738.82,2040,1448,2025-08-24T12:49:20.550857,1734.1,52,1750.12,
213,2025-08-24,8066,RFPL,River Falls Power Limited,394,394,383.1,,7291,2806303.9,386.36,1484,373.5,2025-08-24T12:46:55.659215,383.5,74,384.89,
214,2025-08-24,8070,DORDI,Dordi Khola Jal Bidyut Company Limited,280.2,284,280.2,,7116,2010000,283.01,696,275,2025-08-24T12:49:54.947885,281.6,62,282.46,
215,2025-08-24,8073,NICFC,NIC Asia Flexi CAP Fund,9.01,9.01,8.93,,1500,13483,9.01,10.99,8.13,2025-08-24T12:35:36.174946,9.01,10,8.98,
216,2025-08-24,8074,KDBY,Kumari Dhanabriddhi Yojana,10,10.08,10,,2300,23118,10.16,11,8.51,2025-08-24T12:47:00.233645,10.08,15,10.05,
217,2025-08-24,8075,BHDC,Bindhyabasini Hydropower Development Company Limited,596.7,596.7,576.1,,11392,6656940.5,585.02,760.2,426,2025-08-24T12:46:46.954836,583.2,69,584.35,
218,2025-08-24,8076,HHL,Himalayan Hydropower Limited,380,380,374,,8117,3050263,377,635,351,2025-08-24T12:46:01.677382,374,49,375.78,
219,2025-08-24,8097,PBD88,10% Prime Debenture 2088,1102.5,1102.5,1102.5,,20,22050,1102.2,1219.7,1045,2025-08-24T11:34:11.124349,1102.5,1,1102.5,
220,2025-08-24,8099,UHEWA,Upper Hewakhola Hydropower Company Limited,599,603.9,597.6,,2337,1401105,596.81,993.4,427,2025-08-24T12:41:07.995976,599,39,599.53,
221,2025-08-24,8100,SGHC,Swet-Ganga Hydropower & Construction Limited ,377,380.5,373,,8060,3028198.3,382.27,649.5,351.9,2025-08-24T12:48:30.513759,378.5,76,375.7,
222,2025-08-24,8102,MHL,Mandakini Hydropower Limited,542,546,537,,15962,8620566,542.01,1088,540.1,2025-08-24T12:48:23.620103,539,98,540.06,
223,2025-08-24,8104,USHEC,Upper Solu Hydro Electric Company Limited,468,478,468,,6436,3052307.6,469.05,752,410,2025-08-24T12:36:23.926964,470.5,41,474.25,
224,2025-08-24,8106,GIBF1,Global IME Balanced Fund-1,11.14,11.57,11.14,,2500,27985,11.14,11.68,8.84,2025-08-24T12:42:30.660138,11.14,15,11.19,
225,2025-08-24,8108,RHGCL,Rapti Hydro And General Construction Limited,300,306,299.1,,15871,4778951.5,303.17,708,302.1,2025-08-24T12:50:22.554052,299.2,82,301.11,
226,2025-08-24,8111,HIDCLP,Hydorelectricity Investment and Development Company Limited Promoter,205.4,205.5,203.5,,118246,24169909.8,204.21,239,150.1,2025-08-24T12:47:53.431713,204,107,204.4,
227,2025-08-24,8117,AVYAN,Aviyan Laghubitta Bittiya Sanstha Limited,1044,1044,1008,,461,469553,1023.87,1306.8,832,2025-08-24T12:43:09.052739,1020,25,1018.55,
228,2025-08-24,8121,SPHL,Sayapatri Hydropower Limited,571.1,591,571.1,,1725,998846.4,573,922,565,2025-08-24T12:47:43.871639,588.3,30,579.04,
229,2025-08-24,8122,PPL,People's Power Limited,362,369.9,362,,1000,364288.5,368.2,648.6,368,2025-08-24T12:48:03.41751,364,42,364.28,
230,2025-08-24,8123,DLBS,Dhaulagiri Laghubitta Bittiya Sanstha Limited,1475,1483,1475,,60,88721.9,1499.05,2250,1200.1,2025-08-24T12:16:33.200703,1483,6,1478.69,
231,2025-08-24,8125,NSIF2,NMB Sulav Investment Fund - 2,11.22,11.24,11.22,,650,7299.5,11.2,12.47,9.69,2025-08-24T12:31:33.702269,11.24,3,11.23,
232,2025-08-24,8126,SIKLES,Sikles Hydropower Limited,908,924,891.1,,1929,1740104,908.85,1475,637,2025-08-24T12:41:07.122421,895,35,902.07,
233,2025-08-24,8131,EHPL,Eastern Hydropower Limited,589.6,598,589.6,,305,181465,601.55,997,530.3,2025-08-24T12:31:16.540998,594.1,11,594.96,
234,2025-08-24,8132,SHLB,Shrijanshil Laghubitta Bittiya Sanstha Limited,1922,1979,1911,,721,1399989,1949.98,2907,1715,2025-08-24T12:49:47.42009,1979,25,1941.73,
235,2025-08-24,8133,PHCL,Peoples Hydropower Company Limited,482,482,477,,1010,483787.2,482.84,745.6,310,2025-08-24T12:48:21.985626,477.3,54,478.99,
236,2025-08-24,9135,BHPL,Barahi Hydropower Public Limited,801.4,814.8,780,,1311,1038093,785.71,1308.4,654,2025-08-24T12:50:13.4048,780,22,791.83,
237,2025-08-24,9138,NIBLGF,NIBL Growth Fund,9.26,9.44,9.26,,600,5574,9.26,10.25,7.84,2025-08-24T12:23:29.613454,9.26,5,9.29,
238,2025-08-24,9139,SAGF,Sanima Growth Fund,9.1,9.41,9.1,,59406,550360.34,9.26,11,8.92,2025-08-24T12:49:50.170812,9.22,23,9.26,
239,2025-08-24,9140,UNLB,Unique Nepal Laghubitta Bittiya Sanstha Limited,2170,2175.2,2165,,230,500122,2175.46,3223,1935.9,2025-08-24T12:24:56.534315,2175.1,4,2174.44,
240,2025-08-24,9146,SMHL,Super Madi Hydropower Limited,910,928,910,,4167,3816795.1,922.24,1657,557.1,2025-08-24T12:35:45.784162,925,67,915.95,
241,2025-08-24,9147,SPL,Shuvam Power Limited,930.5,944,914.2,,109,101036.8,930.5,1102.2,765,2025-08-24T12:30:39.280421,920.2,8,926.94,
242,2025-08-24,9148,SMH,Super Mai Hydropower Limited,882.5,909.9,882.5,,1010,914686.7,898.97,1283,790,2025-08-24T12:20:49.598983,906,24,905.63,
243,2025-08-24,9149,MKHC,Maya Khola Hydropower Company Limited,446.1,446.1,442,,430,190294,445.94,627,307.4,2025-08-24T12:47:11.337443,442.9,18,442.54,
244,2025-08-24,9150,AHL,Asian Hydropower Limited,630.1,646.7,630.1,,815,523024.4,640.79,891,579.5,2025-08-24T12:49:06.947591,637,19,641.74,
245,2025-08-24,9151,KDL,Kalinchowk Darshan Limited,1080,1088,1072,,100,108112,1080.49,1306.3,970,2025-08-24T12:38:25.999988,1079,10,1081.12,
246,2025-08-24,9154,SFEF,Sunrise Focused Equity Fund,9.04,9.21,9.04,,3100,28105,9.1,11.12,8.53,2025-08-24T12:49:18.969528,9.21,9,9.06,
247,2025-08-24,9156,TAMOR,Sanima Middle Tamor Hydropower Limited,509,511,509,,1140,581163,509.67,637,439.2,2025-08-24T12:48:03.902843,510,38,509.79,
248,2025-08-24,9158,MHCL,Molung Hydropower Company Limited,438.4,462,438.4,,804,362100.1,447.32,655,355.1,2025-08-24T12:44:27.628179,447.1,25,450.37,
249,2025-08-24,9159,SMJC,Sagarmatha Jalabidhyut Company Limited,575.9,580,573.1,,426,245402.3,580.63,735,480.2,2025-08-24T12:46:53.305424,578,36,576.06,
250,2025-08-24,9161,ANLB,Aatmanirbhar Laghubitta Bittiya Sanstha Limited,5751.1,5760,5751.1,,48,275573.9,5833.57,6735,2980,2025-08-24T12:46:55.607104,5760,11,5741.12,
251,2025-08-24,9166,MAKAR,Makar Jitumaya Suri Hydropower Limited,610,619.9,605,,1430,869814,612.66,860,431.3,2025-08-24T12:45:17.189173,611.1,19,608.26,
252,2025-08-24,9167,MKHL,Mai Khola Hydropower Limited,809,820,809,,1510,1223592.7,821.45,1027,450.8,2025-08-24T12:40:52.559341,809.6,22,810.32,
253,2025-08-24,9170,DOLTI,Dolti Power Company Limited,592,592,585.1,,1099,645783.1,589.98,1017,452.5,2025-08-24T12:43:32.8325,585.3,28,587.6,
254,2025-08-24,9171,BEDC,Bhugol Energy Development Company Limited,745.2,745.2,720,,3215,2329715.5,730.61,1080,417.1,2025-08-24T12:49:22.079457,730,41,724.63,
255,2025-08-24,9173,CITY,City Hotel Limited,590,601,590,,1538,921123.5,598.26,1054,579.3,2025-08-24T12:49:48.763327,600.9,28,598.9,
256,2025-08-24,9174,PRSF,Prabhu Smart Fund,11.37,11.59,11.15,,100625,1123659.75,11.15,12.05,9.12,2025-08-24T12:47:59.402927,11.3,10,11.16,
257,2025-08-24,9175,MCHL,Menchhiyam Hydropower Limited,541.8,541.8,522.1,,340,178800,531.25,714,452,2025-08-24T12:47:33.986652,524,13,525.88,
258,2025-08-24,9176,IHL,Ingwa Hydropower Limited,594.8,598.9,575.4,,2010,1179075,583.2,838,440,2025-08-24T12:50:17.034509,581,22,586.6,
259,2025-08-24,9178,RMF2,RBB Mutual Fund 2,10.11,10.39,10.11,,16300,169124,10.2,10.73,8.5,2025-08-24T12:49:50.82294,10.39,6,10.37,
260,2025-08-24,9179,MEL,Modi Energy Limited,304.8,304.8,295,,3914,1169452.6,298.87,393,265.6,2025-08-24T12:48:13.381091,298.9,65,298.78,
261,2025-08-24,9181,RAWA,Rawa Energy Development Limited,789.8,789.8,770,,240,186187,775.83,990,583,2025-08-24T12:38:29.413936,775,6,775.77,
262,2025-08-24,9182,SIGS3,Siddhartha Investment Growth Scheme 3,9.42,9.42,9.1,,43000,393634,9.32,11.46,8.28,2025-08-24T12:49:04.89598,9.12,14,9.15,
263,2025-08-24,9183,NRM,Nepal Republic Media Limited,523,540,523,,41051,21832522.4,533.15,645,402,2025-08-24T12:49:05.625274,532,204,531.83,
264,2025-08-24,9184,ILI,IME Life Insurance Company Limited,451.2,459,451.2,,3973,1814325,454.06,575,430.5,2025-08-24T12:50:09.034593,457,147,456.66,
265,2025-08-24,9191,C30MF,Citizens Super 30 Mutual Fund,10.08,10.28,10.08,,91400,922714,10.1,10.71,8.65,2025-08-24T12:41:49.470882,10.08,14,10.09,
266,2025-08-24,9192,USHL,Upper Syange Hydropower Limited,726.2,734,720,,1765,1278368.5,711.98,961,585,2025-08-24T12:49:05.509769,721.1,45,724.28,
267,2025-08-24,9193,GCIL,Ghorahi Cement Industry Limited,494,499.9,491.6,,7619,3786505.3,493.58,613,465.2,2025-08-24T12:49:03.401858,498.1,125,496.98,
268,2025-08-24,9194,TSHL,Three Star Hydropower Limited,825.1,830,815,,1300,1066821,838.39,1231,616.8,2025-08-24T12:46:46.101968,820,28,820.63,
269,2025-08-24,9196,KBSH,Kutheli Bukhari Small Hydropower Limited,1925,1963,1924,,135,260180,1887.8,3300,1715,2025-08-24T12:23:52.319808,1924,8,1927.25,
270,2025-08-24,9198,LVF2,Laxmi Value Fund 2,9.24,9.24,9.24,,800,7392,9.24,11.45,8.27,2025-08-24T12:12:28.290198,9.24,3,9.24,
271,2025-08-24,9199,RNLI,Reliable Nepal Life Insurance Limited,469,494,469,,81334,39725164.9,477.27,593,430,2025-08-24T12:47:56.86781,478,222,488.42,
272,2025-08-24,9201,SNLI,Sun Nepal Life Insurance Company Limited,460,478,460,,12682,6023645.8,468.8,744.5,452,2025-08-24T12:50:18.230733,471.1,219,474.97,
273,2025-08-24,9203,MEHL,Manakamana Engineering Hydropower Limited,445,451,442.4,,765,340399.5,444.85,696,344.2,2025-08-24T12:34:57.168089,444,31,444.96,
274,2025-08-24,9208,ULHC,Upper Lohore Khola Hydropower Company Limited,491,492.1,482.6,,3605,1766146.2,491.25,693,364,2025-08-24T12:45:44.399537,487.4,40,489.91,
275,2025-08-24,9209,CLI,Citizen Life Insurance Company Limited,470.9,480,470.2,,4428,2103450.7,476.45,774.9,448.2,2025-08-24T12:50:19.179515,474.2,134,475.03,
276,2025-08-24,9212,MANDU,Mandu Hydropower Limited,844,855,844,,1305,1109457.5,849.14,1189,805.6,2025-08-24T12:40:58.629271,848,25,850.15,
277,2025-08-24,9213,HATHY,Hathway Investment Nepal Limited,1240,1259,1235,,3062,3812587.7,1242.15,1623,1180.3,2025-08-24T12:50:10.864306,1242,71,1245.12,
278,2025-08-24,9214,BGWT,Bhagawati Hydropower Development Company Limited,915,915,900.5,,118,106688.8,905,1241,857.6,2025-08-24T12:47:55.249011,905,11,904.14,
279,2025-08-24,9215,MSHL,Mid Solu Hydropower Limited,883.3,900,883.3,,60,53512,899.34,1180,808.5,2025-08-24T12:18:57.691064,900,6,891.86,
280,2025-08-24,9216,SONA,Sonapur Minerals And Oil Limited,446.7,463,446.7,,11900,5474516.5,455.77,577,425,2025-08-24T12:49:20.375213,458.5,181,460.04,
281,2025-08-24,9217,MMKJL,Mathillo Mailun Khola Jalvidhyut Limited,585,595,581,,185,108135,581.74,890.4,451.8,2025-08-24T12:40:14.59167,582,17,584.51,
282,2025-08-24,9218,TVCL,Trishuli Jal Vidhyut Company Limited ,477,479.5,477,,1335,639288,477.88,697,431,2025-08-24T12:45:44.269847,478.2,23,478.86,
283,2025-08-24,9221,H8020,Himalayan 80-20,11.48,11.69,11.48,,20860,239651.4,11.48,12.06,9.6,2025-08-24T12:25:32.902325,11.48,9,11.48,
284,2025-08-24,9225,VLUCL,Vision Lumbini Urja Company Limited ,596.2,608,596.2,,1377,833880.7,603.68,802,535,2025-08-24T12:40:47.692089,600.2,38,605.57,
285,2025-08-24,9230,MKCL,Muktinath Krishi Company Limited,1612.9,1670,1612.9,,3345,5456394.2,1606.69,1900,1230.1,2025-08-24T12:30:07.007331,1626,85,1631.2,
286,2025-08-24,9232,CKHL,Chirkhwa Hydropower Limited ,664,700,664,,140,94305,673.88,910,590,2025-08-24T12:40:03.961692,668.5,13,673.6,
287,2025-08-24,9233,NWCL,Nepal Warehousing Company Limited ,874,895,874,,400,355681.5,886.54,1147,835,2025-08-24T12:39:01.864359,888.1,13,889.2,
288,2025-08-24,9234,HRL,Himalayan Reinsurance Limited,970.9,989.8,970.1,,66278,65008387.9,974.2,1156,746.2,2025-08-24T12:49:50.817003,977.2,543,980.84,
289,2025-08-24,9236,NICGF2,NIC ASIA Growth Fund-2,8.65,8.7,8.65,,3400,29546,8.82,9.98,8.2,2025-08-24T12:43:05.177668,8.7,10,8.69,
290,2025-08-24,9241,KSY,Kumari Sabal Yojana,9.66,9.8,9.66,,1500,14634,9.71,10.91,8.25,2025-08-24T12:09:08.291586,9.8,4,9.75,
291,2025-08-24,9242,SARBTM,Sarbottam Cement Limited,916,931,916,,6147,5681128.2,917.3,1048,696.8,2025-08-24T12:49:06.39969,923,72,924.21,
292,2025-08-24,9244,NIBLSTF,NIBL Stable Fund,8.5,8.67,8.33,,3610,30700.9,8.56,10.08,7.85,2025-08-24T12:50:22.949976,8.34,13,8.5,
293,2025-08-24,9245,MNMF1,Muktinath Mutual Fund 1,9.04,9.04,9.01,,700,6318,9.22,10.42,8.67,2025-08-24T12:49:49.782641,9.04,6,9.02,
294,2025-08-24,9246,GMLI,Guardian Micro Life Insurance Limited ,1950,1989,1950,,505,991083,1988.61,2778,301,2025-08-24T12:47:44.708662,1961.5,37,1962.54,
295,2025-08-24,9248,GSY,Garima Samriddhi Yojana,9.1,9.15,9.1,,700,6388,9.25,10.3,8.8,2025-08-24T12:08:58.311131,9.15,7,9.12,
296,2025-08-24,9250,NMIC,Nepal Micro Insurance Company Limited,1396,1420,1360.1,,6820,9400091.9,1396.26,2703.3,302.3,2025-08-24T12:50:20.408076,1372.1,200,1378.31,
297,2025-08-24,9252,CREST,Crest Micro Life Insurance Limited,1220.1,1225.9,1176,,11161,13386458.4,1220.1,2458.2,302.5,2025-08-24T12:49:57.229942,1180,291,1199.39,
298,2025-08-24,9254,NMBHF2,NMB Hybrid Fund L- II,8.86,8.86,8.75,,950,8337,8.86,10,8.16,2025-08-24T12:47:10.825789,8.76,8,8.77,
299,2025-08-24,9255,EBLD91,Everest Bank Limited Debenture 2091,1001,1001,995.1,,75,74797.5,1001,1050,995,2025-08-24T12:32:25.689263,995.1,3,997.3,
300,2025-08-24,9256,OMPL,Om Megashree Pharmaceuticals Limited,1315.9,1359,1315.9,,1851,2484913,1342.66,2167.2,270,2025-08-24T12:48:36.678711,1338,81,1342.47,
301,2025-08-24,9257,MBLEF,MBL Equity Fund,9.06,9.06,8.9,,2600,23208,9.24,10.19,8.59,2025-08-24T12:40:41.581479,8.92,7,8.92,
302,2025-08-24,9258,PURE,Pure Energy Limited,950,954,930,,5443,5107807,951.15,1327.9,289.3,2025-08-24T12:49:53.56401,935,149,938.41,
303,2025-08-24,9259,RSY,Reliable Samriddhi Yojana,9.11,9.11,9,,800,7223,9.11,10.08,8.58,2025-08-24T12:37:45.751904,9.01,5,9.02,
304,2025-08-24,9261,NIFRAGED,Nifra Green Energy Debenture 6% - 2088/89,956.1,956.1,956.1,,50,47805,974.8,1020,948,2025-08-24T11:32:18.708686,956.1,2,956.1,
305,2025-08-24,9262,TTL,Trade Tower Limited,870.5,885,860,,13208,11612126,874.34,1262.8,366.1,2025-08-24T12:49:02.836227,878,635,879.17,
306,2025-08-24,9263,SANVI,Sanvi Energy Limited,720.1,722,710,,10286,7358099.5,729.67,930.4,359,2025-08-24T12:50:22.327745,710.1,357,715.35,
307,2025-08-24,9264,RBBD2088,7% RBBL Debenture 2088,1000,1000,984.4,,75,73855.5,1000,1000,967.6,2025-08-24T11:48:50.667559,985.3,3,984.74,
308,2025-08-24,9267,BHCL,Bikash Hydropower Company Limited,346.8,388.7,346.8,,335,127889.5,353.4,353.4,292.1,2025-08-24T12:48:41.01822,388.7,36,381.75,