sn,Name,Symbol,Category
1,Api Finance Limited,xAFL,Finance Company
2,Axis Development Bank Limited,xADBL,Development Banks
3,Bank of Asia Nepal Limited,xBOANL,Commercial Banks
4,Bhrikuti Vikash Bank Limited,xBVBL,Commercial Banks
5,Business Universal Development Bank Ltd.,xBUDBL,Development Banks
6,Deva Bikas Bank Limited,xDBBL,Development Banks
7,Fewa Bikas Bank Ltd. Promoter Share,xFBBLPS,Promoter Share
8,Gorkha Finance Ltd.,xGFL,Finance Company
9,Grand Bank Nepal Limited,xGBNL,Commercial Banks
10,Gurkha Development Bank Limited,xGDBL,Development Banks
11,Infrastructure Development Bank Ltd.,xIDBL,Development Banks
12,Kailash Bikas Bank Ltd.,xKBBL,Development Banks
13,Kaski Finance Limited,xKFL,Finance Company
14,Lumbini Bank Limited,xLBL,Commercial Banks
15,Madhyamanchal Gramin Development Bank Ltd.,xMGDBL,Development Banks
16,Mahalaxmi BikasBank Limited,xMBL,Development Banks
17,Narayani National Finance Limited,xNNFL,Finance Company
18,Om Finance Ltd.,xOFL,Finance Company
19,Paschimanchal Finance Co. Ltd.,xPFCL,Finance Company
20,Public Development Bank Limited,xPDBL,Development Banks
21,Sagarmatha  Finance Limited,xSFL,Finance Company
22,Siddhartha Development Bank Ltd.,xSDBL,Development Banks
23,Supreme Development Bank Ltd.,xSDBL,Development Banks
24,Ace Development Bank Ltd.,xADBL,Development Banks
25,Clean Energy Development Bank Limited,xCEDBL,Development Banks
26,Fewa Finance Co. Ltd.,xFFCL,Finance Company
27,Mahakali Bikas Bank Limited,xMBBL,Development Banks
28,Shikhar Finance Limited,xSFL,Finance Company
29,IME Financial Institution,xIFI,Finance Company
30,Imperial Financial Inst. Ltd.,xIFIL,Finance Company
31,Lord Buddha Finance Limited,xLBFL,Finance Company
32,Standard Finance Ltd.,xSFL,Finance Company
33,Nepal Express Finance Ltd.,xNEFL,Finance Company
34,Reliable Development Bank Limited,xRDBL,Development Banks
35,Biratlaxmi Bikas Bank Limited,xBBBL,Development Banks
36,Patan Finance Limited,xPFL,Finance Company
37,NABIL Bank Limited Promotor Share,xNBLPS,Promoter Share
38,Siddhartha Development Bank Limited Promoter Share,xSDBLPS,Promoter Share
39,Alpic Everest Finance Co. Ltd.,xAEFCL,Finance Company
40,Pathibhara Bikas Bank Limited,xPBBL,Development Banks
41,Bhrikuti Bikash Bank Limited Promoter Share,xBBBLPS,Promoter Share
42,Lumbini Finance Ltd.,xLFL,Finance Company
43,Civil Merchant Bittiya Santha Ltd.,xCMBSL,Others
44,Alpic Everest Finance Limited Promotor Share,xAEFLPS,Promoter Share
45,Nepal Shree Lanka Merchant Banking & Finance Ltd,xNSLMBFL,Finance Company
46,NIDC Capital Markets Ltd.,xNCML,Finance Company
47,Peoples Finance Ltd.,xPFL,Finance Company
48,Universal Finance Ltd.,xUFL,Finance Company
49,Triveni Bikas Bank Limited,xTBBL,Development Banks
50,Apex Development Bank Ltd.,xADBL,Development Banks
51,Bagheshwori Development Bank Limited,xBDBL,Development Banks
52,Gandaki Bikas BankLimited,xGBB,Development Banks
53,Gorkha Finance Limited Promoter Share,xGFLPS,Promoter Share
54,Nepal Bangladesh Bank Limited Promoter Share,xNBBLPS,Promoter Share
55,Nava Durga Finance Co. Ltd.,xNDFCL,Finance Company
56,Nepal Housing & Merchant Finance Ltd.,xNHMFL,Finance Company
57,Paschimanchal Bikash Bank Limited,xPBBL,Development Banks
58,Bank of Kathmandu Limited Promoter Share,xBOKLPS,Promoter Share
59,Kumari Bank Limited Promotor Share,xKBLPS,Promoter Share
60,Nepal Aawas Finance Limited,xNAFL,Finance Company
61,Premier Finance Co. Ltd.,xPFCL,Finance Company
62,Subhechha Bikas Bank Limited,xSBBL,Development Banks
63,Prudential Finance Company Limited,xPFCL,Finance Company
64,Society Development Bank Ltd.,xSDBL,Development Banks
65,Birgunj Finance Ltd.,xBFL,Finance Company
66,Maha Laxmi Finance Ltd.,xMLFL,Finance Company
67,CMB Finance Limited,xCFL,Finance Company
68,Yeti Finance Ltd.,xYFL,Finance Company
69,Sanima Bank Ltd. Promoter Share,xSBLPS,Promoter Share
70,Resunga Bikas Bank Limited,xRBBL,Development Banks
71,Capital Merchant Bank. & Fin. Promoter Share,xCMBFPS,Promoter Share
72,Gurkhas Finance  Ltd. Promoter Share,xGFLPS,Promoter Share
73,Siddharth Finance Ltd.,xSFL,Finance Company
74,Union Finance Co. Ltd.,xUFCL,Finance Company
75,NCM Mutual Fund,xNMF,Mutual Fund
76,Everest Finance Ltd.,xEFL,Finance Company
77,Nepal Credit & Commercial Bank Ltd. Promoter Share,xNCCBLPS,Promoter Share
78,Universal Finance Limited Promoter Share,xUFLPS,Promoter Share
79,Kasthamandap Development Bank Limited,xKDBL,Development Banks
80,Pokhara Finance Company Limited Promoter Share,xPFCLPS,Promoter Share
81,NMB Bank Limited Promoter Share,xNBLPS,Promoter Share
82,Goodwill Finance Limited Promoter,xGFLP,Promoter Share
83,Infrastructure Development Bank Limited Promoter Share,xIDBLPS,Promoter Share
84,Progressive Finance Limited Promoter Share,xPFLPS,Promoter Share
85,Royal Merchant Bank & Finance Co. Ltd. Promoter Share,xRMBFCLPS,Promoter Share
86,Best Finance Co. Limited Promoter Share,xBFCLPS,Promoter Share
87,Narayani National Finance Company Limited Promoter Share,xNNFCLPS,Promoter Share
88,Paschimanchal Bikash Bank Ltd. Promoter Share,xPBBLPS,Promoter Share
89,Peoples Finance Limited Promoter Share,xPFLPS,Promoter Share
90,Malika Development Bank Limited Promoter Share,xMDBLPS,Promoter Share
91,Lumbini Bank Limited Promotor Share,xLBLPS,Promoter Share
92,ICFC Finance Limited Promotor Share,xIFLPS,Promoter Share
93,Bhajuratna Finance & Saving Co. Ltd.,xBFSCL,Finance Company
94,Standard Finance Limited Promoter Share,xSFLPS,Promoter Share
95,Nilgiri Bikas Bank Limited,xNBBL,Development Banks
96,Suryadarshan Finance Company Limited,xSFCL,Finance Company
97,Alpine Development Bank Limited,xADBL,Development Banks
98,Zenith Finance Limited,xZFL,Finance Company
99,Grand Bank Limited Promoter Share,xGBLPS,Promoter Share
100,ACE Development Bank Limited Promoter Share,xADBLPS,Promoter Share
101,Udhyam Bikas Bank Limited,xUBBL,Development Banks
102,Swastik Merchant Finance Co. Ltd.,xSMFCL,Finance Company
103,Subha Laxmi Finance Co. Ltd.,xSLFCL,Finance Company
104,Gaurishankar Development Bank Ltd.,xGDBL,Development Banks
105,Unique Finance Ltd.,xUFL,Finance Company
106,IME Financial Institution Promoter Share,xIFIPS,Promoter Share
107,Patan Finance Limited Promoter Share,xPFLPS,Promoter Share
108,Seti Finance Limited,xSFL,Finance Company
109,Yeti Finance Ltd. Promoter Share,xYFLPS,Promoter Share
110,MachhaPuchhre  Bank Limited Promotor Share,xMBLPS,Promoter Share
111,Gaurishankar Development Bank Ltd. Promoter Share,xGDBLPS,Promoter Share
112,Kabeli Bikas Bank Limited,xKBBL,Development Banks
113,Civil Merchant  Bittiya Sanstha Limited Promoter Share,xCMBSLPS,Promoter Share
114,Butwal Finance Limited Promoter Share,xBFLPS,Promoter Share
115,Valley Finance Limited,xVFL,Finance Company
116,Western Development Bank Limited,xWDBL,Development Banks
117,Araniko Development Bank Limited,xADBL,Development Banks
118,Tinau Development Bank Limited,xTDBL,Development Banks
119,Janaki Finance Limited Promoter Share,xJFLPS,Promoter Share
120,Everest Finance Limited Promoter Share,xEFLPS,Promoter Share
121,Professional Bikas Bank Ltd.,xPBBL,Development Banks
122,KIST Bank Limited Promoter Share,xKBLPS,Promoter Share
123,Siddhartha Bank Limited Promoter Share,xSBLPS,Promoter Share
124,Nepal Express Finance Limited Promoter Share,xNEFLPS,Promoter Share
125,Shree Investment & Finance Co. Ltd. Promoter Share,xSIFCLPS,Promoter Share
126,CMB Finance Ltd. Promoter Share,xCFLPS,Promoter Share
127,Supreme Development Bank Ltd. Promoter Share,xSDBLPS,Promoter Share
128,Rara Bikas Bank Limited,xRBBL,Development Banks
129,Country Development Bank Ltd.,xCDBL,Development Banks
130,Triveni Bikas Bank Ltd Promoter Share,xTBBLPS,Promoter Share
131,Om Finance Limited Promoter Share,xOFLPS,Promoter Share
132,Purnima Bikas Bank Ltd.,xPBBL,Development Banks
133,Union Finance Co. Ltd. Promoter Share,xUFCLPS,Promoter Share
134,Biratlaxmi Development Bank Ltd. Promoter Share,xBDBLPS,Promoter Share
135,Laxmi Bank Limited Promoter Share,xLBLPS,Promoter Share
136,Sahayogi Bikas Bank Ltd. Promoter Share,xSBBLPS,Promoter Share
137,Clean Energy Development Bank Ltd. Promoter Share,xCEDBLPS,Promoter Share
138,Hama Merchant & Finance Ltd.,xHMFL,Finance Company
139,Imperial Finance Ltd Promoter Share,xIFLPS,Promoter Share
140,Society  Development Bank Limited Promoter Share,xSDBLPS,Promoter Share
141,Bagheshowari Development Bank  Ltd. Promoer Share,xBDBLPS,Development Banks
142,Nepal Investment Bank Ltd. Promoter Share,xNIBLPS,Promoter Share
143,Prabhu Finance Ltd. Promoter Share,xPFLPS,Promoter Share
144,Bagmati Development Bank Ltd.,xBDBL,Development Banks
145,Citizens Bank Internatioal Limited Promoter Share,xCBILPS,Promoter Share
146,Maha Laxmi Finance Co. Ltd. Promoter Share,xMLFCLPS,Promoter Share
147,NIDC Capital Markets Ltd. Promoter Share,xNCMLPS,Promoter Share
148,International Leasing & Finance Co. Ltd.,xILFCL,Finance Company
149,Shrijana Finance Ltd. Promoter Share,xSFLPS,Promoter Share
150,Gulmi Bikas Bank Ltd.,xGBBL,Development Banks
151,Kanchan Development Bank Limited,xKDBL,Development Banks
152,Tourism Development Bank Limited,xTDBL,Development Banks
153,Kailash Bikas Bank Ltd. Promoter Share,xKBBLPS,Promoter Share
154,Global IME Bank Ltd. Promoter Share,xGIBLPS,Promoter Share
155,Metro Development Bank Limited,xMDBL,Development Banks
156,Pacific Development Bank Limited,xPDBL,Development Banks
157,Nepal Consumer Development Bank Ltd.,xNCDBL,Development Banks
158,Siddhartha Investment Growth Scheme-1,xSIGS,Mutual Fund
159,Innovative Development Bank Ltd.,xIDBL,Development Banks
160,Kakre Bihar Bikash Bank Ltd,xKBBBL,Development Banks
161,Civic Development Bank Ltd,xCDBL,Development Banks
162,Bright Development Bank Ltd,xBDBL,Development Banks
163,Sunrise Bank Ltd Promoter Share,xSBLPS,Promoter Share
164,International Development Bank Ltd,xIDBL,Development Banks
165,Khandbari Development Bank Ltd,xKDBL,Development Banks
166,Rising Development Bank Ltd.,xRDBL,Development Banks
167,Nabil Balance Fund 1,xNBF1,Mutual Fund
168,Commerz and Trust Bank Nepal Ltd.,xCATBNL,Commercial Banks
169,Reliable Development Bank Ltd. Promoter Share,xRDBLPS,Promoter Share
170,Prime Commercial Bank Promoter Share,xPCBPS,Promoter Share
171,Siddhartha Finance Ltd. Promoter,xSFLP,Promoter Share
172,Kasthamandap Dev. Bank Ltd Promoter Share,xKDBLPS,Promoter Share
173,Subbecha Bikas Bank Ltd. Promoter Share,xSBBLPS,Promoter Share
174,Kaski Finanace Ltd. Promoter,xKFLP,Promoter Share
175,NIC Asia Bank Limted Promoter Share,xNABLPS,Promoter Share
176,Seti Finance Ltd. Promoter Share,xSFLPS,Promoter Share
177,Himalayan Bank Ltd. Promoter,xHBLP,Promoter Share
178,Om Development Bank Ltd. Promoter,xODBLP,Promoter Share
179,Mahakali Bikas Bank Ltd. Promoter,xMBBLP,Promoter Share
180,Dev BikasBank Ltd. Promoter Share,xDBLPS,Promoter Share
181,Namaste Bittiya Sanstha Ltd.,xNBSL,Finance Company
182,Jebils Finance Ltd.,xJFL,Finance Company
183,Jhimruk Bikas Bank Ltd.,xJBBL,Development Banks
184,Professional Diyalo Bikas Bank Ltd.,xPDBBL,Development Banks
185,Jyoti Bikash  Bank Ltd. Promoter Share,xJBBLPS,Promoter Share
186,Prabhu Bikas Bank Limited,xPBBL,Development Banks
187,Tinau Development Bank Ltd. Promoter,xTDBLP,Promoter Share
188,National Life Insurance Co. Ltd. Promoter Share,xNLICLPS,Promoter Share
189,Surya Life Insurance Co. Ltd. Promoter Share,xSLICLPS,Promoter Share
190,Manaslu Bikas Bank Ltd.,xMBBL,Development Banks
191,Nepal Life Insurance Co. Ltd. Promoter,xNLICLP,Promoter Share
192,Prabhu Insurance Company Ltd. Promoter,xPICLP,Promoter Share
193,Everest Bank Ltd.Promoter,xEBL,Promoter Share
194,Sewa Bikas Bank Ltd. Promoter,xSBBLP,Promoter Share
195,Mission Development Bank Ltd.,xMDBL,Development Banks
196,Asian Life Insurance Co. Ltd Promoter Share,xALICLPS,Promoter Share
197,Nepal Community Development Bank Ltd.,xNCDBL,Development Banks
198,Cosmos Development Bank Ltd.,xCDBL,Development Banks
199,Matribhumi Development Bank Ltd.,xMDBL,Development Banks
200,NagBeli LaghuBitta Bikas Bank Ltd.,xNLBBL,Development Banks
201,Unique Finance Ltd. Promoter Share,xUFLPS,Promoter Share
202,Prudential Finance Co. Ltd. Promoter,xPFCLP,Promoter Share
203,Shikhar Insurance Co. Ltd. Promoter,xSICLP,Promoter Share
204,United Finance Company Limited Promoter Share,xUFCLPS,Promoter Share
205,Deprosc LaghuBitta Promoter Share,xDLPS,Promoter Share
206,Taragaon Regency Hotels Ltd. Preference Share,xTRHLPS,Preferred Stock
207,Miteri Development Bank Ltd. Promoter Share,xMDBLPS,Promoter Share
208,Hama Merchant & Finance Ltd. Promoter Share,xHMFLPS,Promoter Share
209,Excel Development Bank Ltd. Promoter Share,xEDBLPS,Promoter Share
210,Guheyshwori Merchant & Finance Ltd. Promoter Share,xGMFLPS,Promoter Share
211,Mount Makalu Development Bank Ltd.,xMMDBL,Development Banks
212,Neco Insurace Co. Ltd. Promoter,xNICLP,Promoter Share
213,Ekata Bikas Bank Ltd.,xEBBL,Development Banks
214,Nepal Aawas Finance Limited Promoter Share,xNAFLPS,Promoter Share
215,Mahalxmi Bikas Bank Ltd. Promotor Share,xMBBLPS,Promoter Share
216,Sagarmatha Insurance Co. Ltd. Promoter Share,xSICLPS,Promoter Share
217,Araniko Development Bank Limited Promoter Share,xADBLPS,Promoter Share
218,Guras Life Insurance Company Ltd. Promoter Share,xGLICLPS,Promoter Share
219,Garima Bikas Bank Limited Promoter Share,xGBBLPS,Promoter Share
220,Synergy Finance Ltd. Promoter Share,xSFLPS,Promoter Share
221,Gaumukhee Bikas Bank Ltd.,xGBBL,Development Banks
222,Lumbini Bikas Bank Ltd. Promoter Share,xLBBLPS,Promoter Share
223,Kalinchowk Development Bank Ltd.,xKDBL,Development Banks
224,Bishwa Bikas Bank Limited Promoter Share,xBBBLPS,Promoter Share
225,Siddhartha Insurance Ltd. Promoter Share,xSILPS,Promoter Share
226,NMB Sulav Investment Fund-1,xNSIF,Mutual Fund
227,Bhargav Bikash Bank Ltd. Promoter Share,xBBBLPS,Promoter Share
228,Prabhu  Bank Limited Promoter Share,xPBLPS,Promoter Share
229,Western Development Bank Limited Promoter Share,xWDBLPS,Promoter Share
230,IME General Insurance  Ltd. Promoter Share,xIGILPS,Promoter Share
231,Rastriya Beema Company Limited Promoter Share,xRBCLPS,Promoter Share
232,Lumbini Finance Ltd Promoter Share,xLFLPS,Promoter Share
233,Country Development Bank Ltd. Promoter Share,xCDBLPS,Promoter Share
234,Paschimanchal Finance Co. Ltd. Promoter Share,xPFCLPS,Promoter Share
235,Business Universal Development Bank Ltd. Promoter Share,xBUDBLPS,Promoter Share
236,Muktinath Bikas Bank Ltd. Promoter Share,xMBBLPS,Promoter Share
237,Central Finance Co. Ltd. Promoter Share,xCFCLPS,Promoter Share
238,Laxmi Value Fund-1,xLVF,Mutual Fund
239,Kamana Sewa Bikas Bank Limited Promoter Share,xKSBBLPS,Promoter Share
240,Bhaktapur Finance Co. Ltd.,xBFCL,Finance Company
241,Raptibheri Bikas Bank Ltd.,xRBBL,Development Banks
242,Pacific Development Bank Ltd. Promoter Share,xPDBLPS,Promoter Share
243,Bagmati Development Bank Ltd. Promoter Share,xBDBLPS,Promoter Share
244,Professional Diyalo Bikas Bank Ltd. Promoter Share,xPDBBLPS,Promoter Share
245,Lalitpur Finance Co. Ltd. Promoter Share,xLFCLPS,Promoter Share
246,Hathway Finance Company Limited Promoter Share,xHFCLPS,Promoter Share
247,Swabalamban Laghubitta Bittiya Sanstha Limited Promoter Share,xSLBSLPS,Promoter Share
248,Tourism Development Bank Ltd. Prmoter Share,xTDBLPS,Development Banks
249,Prudential Insurance Co. Ltd. Promoter Share,xPICLPS,Promoter Share
250,Shangrila Development Bank Ltd. Promoter Share,xSDBLPS,Promoter Share
251,Reliance Finance Ltd. Promoter Share,xRFLPS,Promoter Share
252,Sagarmatha  Finance Limited Promoter Share,xSFLPS,Promoter Share
253,First Micro Finance Laghubitta Bittiya Sanstha Limited Promoter Share,xFMFLBSLPS,Promoter Share
254,Saptakoshi Development Bank Ltd.,xSDBL,Development Banks
255,Kanchan Development Bank Limited Promoter Share,xKDBLPS,Promoter Share
256,Sajha Bikas Bank Ltd.,xSBBL,Development Banks
257,Civil Bank Ltd Promoter Share,xCBLPS,Promoter Share
258,Nepal Insurance Co. Ltd Promoter Share,xNICLPS,Promoter Share
259,Karnali Development Bank Limited Promoter Share,xKDBLPS,Promoter Share
260,Kankai Bikas Bank Ltd. Promoter Share,xKBBLPS,Promoter Share
261,Janata Bank Nepal Ltd. Promoter Share,xJBNLPS,Promoter Share
262,Swarojgar Laghu Bitta Bikas Bank Ltd. Promoter Share,xSLBBBLPS,Promoter Share
263,Chhimek Laghubitta Bikas Bank Limited Promoter Share,xCLBBLPS,Promoter Share
264,Summit Laghubitta Bittiya Sanstha Limited Promoter Share,xSLBSLPS,Promoter Share
265,Sindhu Bikas Bank Ltd. Promoter Share,xSBBLPS,Promoter Share
266,Mission Development Bank Ltd. Promoter Share,xMDBLPS,Promoter Share
267,Manjushree Finance Ltd. Promoter Share,xMFLPS,Promoter Share
268,Mega  Bank Nepal Ltd. Promoter Share,xMBNLPS,Promoter Share
269,NLG Insurance Company Ltd. Promoter Share,xNICLPS,Promoter Share
270,Kalika Laghubitta Bittiya Sanstha Ltd Promoter Share,xKLBSLPS,Promoter Share
271,Himalayan General Insurance Co. Ltd Promoter Share,xHGICLPS,Promoter Share
272,City Express Finance Co. Ltd. Promoter Share,xCEFCLPS,Promoter Share
273,NagBeli LaghuBitta Bikas Bank Ltd. Promoter Share,xNLBBLPS,Promoter Share
274,Purnima Bikas Bank Ltd. Promoter Share,xPBBLPS,Promoter Share
275,Samriddhi Finance Company Limited Promoter Share,xSFCLPS,Promoter Share
276,Corporate Development Bank Ltd. Promoter Share,xCDBLPS,Promoter Share
277,Hamro Bikas Bank Ltd. Promoter Share,xHBBLPS,Promoter Share
278,Century Commercial Bank Ltd. Promoter Share,xCCBLPS,Promoter Share
279,Rural Microfinance Development Centre Ltd. Promoter Share,xRMDCLPS,Promoter Share
280,Jebils Finance Ltd. Promoter Share,xJFLPS,Promoter Share
281,United Insurance Co. (Nepal) Ltd. Promoter Share,xUICLPS,Promoter Share
282,Nepal Community Development Bank Ltd. Promoter Share,xNCDBLPS,Promoter Share
283,Gandaki Bikas Bank Limited Promoter Share,xGBBLPS,Promoter Share
284,Sana Kisan Bikas Bank Ltd Promoter Share,xSKBBLPS,Promoter Share
285,Prime Life Insurance Company Limited Promoter Share,xPLICLPS,Promoter Share
286,Grameen Bikas Laghubitta Bittiya Sanstha Ltd. Promoter Share,xGBLBSLPS,Promoter Share
287,Multipurpose Finance Company  Limited Promoter Share,xMFCLPS,Promoter Share
288,Nepal Finance Ltd. Promoter Share,xNFLPS,Promoter Share
289,Nirdhan Utthan Bank Limited Promoter Share,xNUBLPS,Promoter Share
290,Mirmire Microfinance Development Bank Ltd. Promoter Share,xMMDBLPS,Promoter Share
291,Naya Sarathi Laghubitta Bittiya Sanstha Limited Promoter Share,xNSLBSLPS,Promoter Share
292,Shine Resunga Development Bank Ltd. Promoter Share,xSRDBLPS,Promoter Share
293,Lumbini General Insurance Co. Ltd. Promoter Share,xLGICLPS,Promoter Share
294,Tinau Mission Development Bank Limited Promoter Share,xTMDBLPS,Promoter Share
295,NMB  Microfinance Bittiya Sanstha Ltd. Promoter Share,xNMBSLPS,Promoter Share
296,Green Development Bank Ltd. Promoter Share,xGDBLPS,Promoter Share
297,Nerude Laghubita Bikas Bank Limited Promoter Share,xNLBBLPS,Promoter Share
298,Womi Microfinance Bittiya Sanstha Ltd. Promoter Share,xWMBSLPS,Promoter Share
299,Premier Insurance Co. Ltd. Promoter Share,xPICLPS,Promoter Share
300,SURYODAYA LAGHUBITTA BITTIYA SANSTHA LIMITED PROMOTER SHARE,xSLBSLPS,Promoter Share
301,ADHIKHOLA LAGHUBITTA BITTIYA SANSTHA LIMITED PROMOTER SHARE,xALBSLPS,Promoter Share
302,Saptakoshi Development Bank Ltd Promoter Share,xSDBLPS,Promoter Share
303,Everest Insurance Co. Ltd. Promoter Share,xEICLPS,Promoter Share
304,RSDC Laghubitta Bittiya Sanstha Ltd. Promoter Share,xRLBSLPS,Promoter Share
305,Vijaya laghubitta Bittiya Sanstha Ltd. Promoter Share,xVLBSLPS,Promoter Share
306,National Microfinance Bittiya Sanstha Ltd. Promoter,xNMBSLP,Promoter Share
307,Forward Community Microfinance Bittiya Sanstha Ltd Promoter Share,xFCMBSLPS,Promoter Share
308,Mithila LaghuBitta Bikas Bank Ltd. Promoter Share,xMLBBLPS,Promoter Share
309,Mahuli Laghubitta Bittiya Sanstha Limited Promoter,xMLBSLP,Promoter Share
310,Civil Laghubitta Bittiya Sanstha Promoter,xCLBSP,Promoter Share
311,Janautthan Samudayic Laghubitta Bikas Bank Ltd. Promoter Share,xJSLBBLPS,Promoter Share
312,Kisan Lagubitta Bittiya Sanstha Limited Promoter Share,xKLBSLPS,Promoter Share
313,Mero Microfinance Bittiya Sanstha Ltd. Promoter Share,xMMBSLPS,Promoter Share
314,NIC ASIA Laghubitta Bittiya Sanstha Limited Promoter Share,xNALBSLPS,Promoter Share
315,Jeevan Bikas Laghubitta  Bittya Sanstha Ltd Promoter,xJBLBSLP,Promoter Share
316,Chhimek Laghubitta Bittiya Sanstha Limited Promoter,xCLBSLP,Promoter Share
317,Support Microfinance Bittiya Sanstha Ltd. Promoter Share,xSMBSLPS,Promoter Share
318,Nerude Laghubitta Bittiya Sanstha Limited Promoter,xNLBSLP,Promoter Share
319,Premier Insurance Company (Nepal) Limited Promoter Share,xPICLPS,Promoter Share
320,Forward Microfinance Laghubitta Bittiya Sanstha Limited Promoter,xFMLBSLP,Promoter Share
321,Samata Gharelu Laghubitta Bittiya Sanstha Limited Promoter,xSGLBSLP,Promoter Share
322,Global IME Laghubitta Bittiya Sanstha Ltd. Promoter Share,xGILBSLPS,Promoter Share
323,Asha Laghubitta Bittiya Sanstha Ltd Promoter Share,xALBSLPS,Promoter Share
324,Garima Debenture 2085,xGD2,Corporate Debenture
325,National Microfinance Laghubitta Bittiya Sanstha Limited Promoter,xNMLBSLP,Promoter Share
326,Suryodaya Womi Laghubitta Bittiya Sanstha Limited Promoter,xSWLBSLP,Promoter Share
327,Hydorelectricity Investment and Development Company Limited Promoter,xHIADCLP,Promoter Share
328,Himalayan Everest Insurance Limited Promoter,xHEILP,Promoter Share
329,Infinity Laghubitta Bittiya Sanstha Limited Promoter Share,xILBSLPS,Promoter Share
330,Mirmire Laghubitta Bittya Sanstha Limited Promoter,xMLBSLP,Promoter Share
331,Sabaiko Laghubitta Bittiya Sanstha Limited,SABSL,Microfinance
332,Global IME Balanced Fund-1,GIBF1,Mutual Fund
333,Everest Bank Limited,EBL,Commercial Banks
334,"Garima Debenture""",GBBD85,Corporate Debenture
335,Sikles Hydropower Limited,SIKLES,Hydropower
336,Khaptad Laghubitta Bittiya Sanstha Limited,KLBS,Microfinance
337,10.25% Nepal SBI Bank Debenture 2083,SBID83,Corporate Debenture
338,8.5% Prabhu Bank Debenture 2087,PBLD87,Corporate Debenture
339,NMB Debenture 8.50% - 2087/88,NMBD87/88,Corporate Debenture
340,Narayani Development Bank Limited Promoter,NABBCP,Promoter Share
341,Global IME Bank Limited,GBIME,Commercial Banks
342,Peoples Hydropower Company Limited,PHCL,Hydropower
343,Eastern Hydropower Limited,EHPL,Hydropower
344,Shrijanshil Laghubitta Bittiya Sanstha Limited,SHLB,Microfinance
345,Adhikhola Laghubitta Bittiya Sanstha Limited,AKBSL,Microfinance
346,Barahi Hydropower Public Limited,BHPL,Hydropower
347,Sanima GIC Insurance Limited,SGIC,Non life insurance
348,SuryaJyoti Life Insurance Company Limited,SJLIC,Life insurance
349,Sabaiko Laghubitta Bittiya Sanstha Limited Promoter,SABSLP,Promoter Share
350,Aarambha Chautari Laghubitta Bittiya Sanstha Limited Promoter Share,ACLBSLP,Promoter Share
351,Nepal Investment Mega Bank Limited,NIMB,Commercial Banks
352,Unique Nepal Laghubitta Bittiya Sanstha Limited,UNLB,Microfinance
353,SuryaJyoti Life Insurance Company Limited Promoter,SJLICP,Promoter Share
354,Super Madi Hydropower Limited,SMHL,Hydropower
355,Shuvam Power Limited,SPL,Hydropower
356,NIFRA Uraj Rinpatra7%-2085/86,NIFRAUR85/86,Corporate Debenture
357,Sanima Growth Fund,SAGF,Mutual Fund
358,Nepal Investment Mega Bank Ltd. Promoter Share,NIMBPO,Promoter Share
359,Maya Khola Hydropower Company Limited,MKHC,Hydropower
360,Asian Hydropower Limited,AHL,Hydropower
361,Kalinchowk Darshan Limited,KDL,Hotels & Tourism
362,Super Mai Hydropower Limited,SMH,Hydropower
363,NMB Sulav Investment Fund - 2,NSIF2,Mutual Fund
364,Siddhartha Premier Insurance Limited,SPIL,Non life insurance
365,Siddhartha Premier Insurance Limited Promoter Share,SPILPO,Promoter Share
366,Sanima Middle Tamor Hydropower Limited,TAMOR,Hydropower
367,Sagarmatha Jalabidhyut Company Limited,SMJC,Hydropower
368,Molung Hydropower Company Limited,MHCL,Hydropower
369,Sunrise Focused Equity Fund,SFEF,Mutual Fund
370,NIBL Growth Fund,NIBLGF,Mutual Fund
371,Aatmanirbhar Laghubitta Bittiya Sanstha Limited,ANLB,Microfinance
372,BPW Laghubitta Bittiya Sanstha Limited,BPW,Microfinance
373,Makar Jitumaya Suri Hydropower Limited,MAKAR,Hydropower
374,Swabhimaan Laghubitta Bittiya Sanstha LTD Promoter share,SMFBSP,Promoter Share
375,Sagarmatha Lumbini Insurance Co. Limited,SALICO,Non life insurance
376,Mai Khola Hydropower Limited,MKHL,Hydropower
377,Sanima Reliance Life Insurance Limited,SRLI,Life insurance
378,IGI Prudential insurance Limited,IGI,Non life insurance
379,Dolti Power Company Limited,DOLTI,Hydropower
380,Bhugol Energy Development Company Limited,BEDC,Hydropower
381,Prabhu Smart Fund,PRSF,Mutual Fund
382,City Hotel Limited,CITY,Hotels & Tourism
383,Menchhiyam Hydropower Limited,MCHL,Hydropower
384,Ingwa Hydropower Limited,IHL,Hydropower
385,Himalayan Life Insurance Limited,HLI,Life insurance
386,Modi Energy Limited,MEL,Hydropower
387,Rawa Energy Development Limited,RAWA,Hydropower
388,10.25% Citizens Bank Debenture 2086,CIZBD86,Corporate Debenture
389,United Ajod Insurance Limited,UAIL,Non life insurance
390,Samaj Laghubittya Bittiya Sanstha Limited,SAMAJ,Microfinance
391,Himalayan Laghubitta Bittiya Sanstha Limited,HLBSL,Microfinance
392,RBB Mutual Fund 2,RMF2,Mutual Fund
393,IME Life Insurance Company Limited,ILI,Life insurance
394,Nepal Republic Media Limited,NRM,Others
395,Ghorahi Cement Industry Limited,GCIL,Manufacturing And Processing
396,Upper Syange Hydropower Limited,USHL,Hydropower
397,Three Star Hydropower Limited,TSHL,Hydropower
398,Citizens Super 30 Mutual Fund,C30MF,Mutual Fund
399,National Laghubitta Bittiya Sanstha Limited,NMFBS,Microfinance
400,Kutheli Bukhari Small Hydropower Limited,KBSH,Hydropower
401,Laxmi Sunrise Bank Limited,LSL,Commercial Banks
402,Nadep Laghubitta Bittiya Sanstha Ltd. Promoter Share,NADEPP,Promoter Share
403,Laxmi Sunrise Bank Limited Promoter Share,LSLPO,Promoter Share
404,Himalayan Life Insurance Limited Promoter Share,HLIPO,Promoter Share
405,Unnati Sahakarya Laghubitta Bittiya Sanstha Limited Promoter Share,USLBP,Promoter Share
406,Reliable Nepal Life Insurance Limited,RNLI,Life insurance
407,Laxmi Value Fund 2,LVF2,Mutual Fund
408,Sun Nepal Life Insurance Company Limited,SNLI,Life insurance
409,Manakamana Engineering Hydropower Limited,MEHL,Hydropower
410,Upper Lohore Khola Hydropower Company Limited,ULHC,Hydropower
411,Citizen Life Insurance Company Limited,CLI,Life insurance
412,Sana Kisan Bikas Laghubitta Bittiya Sanstha Limited Promoter,SKBBLP,Promoter Share
413,Sadhana Laghubitta Bittiya Sanstha Limited Promoter Shares,SDLBSLP,Promoter Share
414,Mandu Hydropower Limited,MANDU,Hydropower
415,Hathway Investment Nepal Limited,HATHY,Investment
416,Bhagawati Hydropower Development Company Limited,BGWT,Hydropower
417,Mid Solu Hydropower Limited,MSHL,Hydropower
418,Sonapur Minerals And Oil Limited,SONA,Manufacturing And Processing
419,8.5% Machhapuchchhre Debenture 2087,MBLD87,Corporate Debenture
420,Mathillo Mailun Khola Jalvidhyut Limited,MMKJL,Hydropower
421,Citizen Investment Trust Promoter Share,CITPO,Promoter Share
422,Nepal Reinsurance Company Limited Promoter Share,NRICP,Promoter Share
423,Trishuli Jal Vidhyut Company Limited,TVCL,Hydropower
424,10.50% Everest Bank Limited Debenture 2085,EBLD85,Corporate Debenture
425,Muktinath Krishi Company Limited,MKCL,Others
426,"Himalayan Bank Limited Bond""",HBLD86,Government Bond
427,Jyoti Bikash Bank Bond 2087,JBBD87,Government Bond
428,11% KBL Debenture 2089,KBLD89,Corporate Debenture
429,Prabhu Mahalaxmi Life Insurance Limited,PMLI,Life insurance
430,8.5% RBBL Debenture 2083,RBBD83,Corporate Debenture
431,Nepal Warehousing Company Limited,NWCL,Others
432,Vision Lumbini Urja Company Limited,VLUCL,Hydropower
433,Chirkhwa Hydropower Limited,CKHL,Hydropower
434,9% Nepal SBI Bank Rinpatra 2089,SBID89,Commercial Banks
435,Siddhartha Investment Growth Scheme 3,SIGS3,Mutual Fund
436,Himalayan Reinsurance Limited,HRL,Non life insurance
437,Himalayan 80-20,H8020,Mutual Fund
438,National Laghubitta Bittiya Sanstha Limited Promoter,NMFBSP,Promoter Share
439,Prabhu Mahalaxmi Life Insurance Limited promotor,PMLIP,Promoter Share
440,NIC ASIA Growth Fund-2,NICGF2,Mutual Fund
441,IGI Prudential insurance Limited Promoter Share,IGIPO,Promoter Share
442,Sagarmatha Lumbini Insurance Co. Limited Promoter Share,SALICOPO,Promoter Share
443,9% Kamana Sewa Bikas Bank Limited Debenture 2087,KSBBLD87,Corporate Debenture
444,Sarbottam Cement Limited,SARBTM,Manufacturing And Processing
445,9% Nabil Debenture 2087,NABILD87,Corporate Debenture
446,10% NIMB Debenture 2090,NIMBD90,Corporate Debenture
447,11% L.B.B.L. Debenture 2089,LBBLD89,Corporate Debenture
448,10.75% SBL Debenture 2089,SBLD89,Corporate Debenture
449,11% Mahalaxmi Debenture 2089,MLBLD89,Corporate Debenture
450,10% Citizens Bank Debenture 2090,CIZBD90,Corporate Debenture
451,10.30% Standard Chartered Bank Limited Debenture,SCBD,Corporate Debenture
452,Kumari Sabal Yojana,KSY,Mutual Fund
453,10% NIC Asia Debenture 2085/86,NICAD 85/86,Corporate Debenture
454,Nerude Mirmire Laghubitta Bittiya Sanstha Limited,NMLBBL,Microfinance
455,Muktinath Debenture 2084/85,MND84/85,Corporate Debenture
456,NIC ASIA Rinpatra 2088,NICD88,Corporate Debenture
457,Swarojgar Laghubitta Bittiya Sanstha Ltd.,SLBBL,Microfinance
458,Nepal Infrastructure Bank Limited Promoter,NIFRAP,Promoter Share
459,NIBL Stable Fund,NIBLSTF,Mutual Fund
460,"BOK Debenture 2086 """"KA""""",BOKD86KA,Corporate Debenture
461,United Ajod Insurance Limited Promoter Share,UAILPO,Promoter Share
462,10.25% Sanima Debenture 2089,SBD89,Corporate Debenture
463,10.15% Prime Debenture 2084,PBD84,Corporate Debenture
464,"Global IME Bank Debenture""",GBILD84/85,Corporate Debenture
465,NMB Debenture 10.75%-2089/90,NMBD89/90,Corporate Debenture
466,10% KBL Debenture 2090,KBLD90,Corporate Debenture
467,Matribhumi Lagubitta Bittiya Sanstha Limited,MATRI,Microfinance
468,Sampada Laghubitta Bittiya Sanstha Limited,SMPDA,Microfinance
469,Unique Nepal Laghubitta Bittiya Sanstha Limited Promoter,UNLBP,Promoter Share
470,Matribhumi Lagubitta Bittiya Sanstha Limited Promoter,MATRIP,Promoter Share
471,CEDB Holdings Limited,CHDC,Investment
472,Garima Debenture,GBBD85,Corporate Debenture
473,Global IME Bank Debenture,GBILD84/85,Corporate Debenture
474,"BOK Debenture 2086 ""KA""",BOKD86KA,Corporate Debenture
475,Himalayan Bank Limited Bond,HBLD86,Government Bond
476,Nerude Mirmire Laghubitta Bittiya Sanstha Limited Promoter,NMLBBLP,Promoter Share
477,Muktinath Mutual Fund 1,MNMF1,Mutual Fund
478,CYC Nepal Laghubitta Bittiya Sanstha Limited Promoter,CYCLP,Promoter Share
479,Swarojgar Laghubitta Bittiya Sanstha Ltd. Promoter Share,SLBBLP,Promoter Share
480,Sanima GIC Insurance Limited Promoter Share,SGICP,Promoter Share
481,Guardian Micro Life Insurance Limited,GMLI,Life insurance
482,Sampada Laghubitta Bittiya Sanstha Limited Promoter,SMPDAP,Promoter Share
483,Garima Samriddhi Yojana,GSY,Mutual Fund
484,9% ICFC Finance Limited Debenture 2088,ICFCD88,Corporate Debenture
485,Mahila Lagubitta Bittiya Sanstha Limited Promoter,MLBSLP,Promoter Share
486,Everest Bank Limited Energy Bond,EBLEB89,Government Bond
487,Nepal Micro Insurance Company Limited,NMIC,Non life insurance
488,Crest Micro Life Insurance Limited,CREST,Life insurance
489,NMB Hybrid Fund L- II,NMBHF2,Mutual Fund
490,Om Megashree Pharmaceuticals Limited,OMPL,Manufacturing And Processing
491,Wean Nepal Laghubitta Bittiya Sanstha Limited Promoter Share,WNLBP,Promoter Share
492,Everest Bank Limited Debenture 2091,EBLD91,Corporate Debenture
493,MBL Equity Fund,MBLEF,Mutual Fund
494,Pure Energy Limited,PURE,Others
495,Sanima Reliance Life Insurance Limited Promoter Share,SRLIP,Promoter Share
496,Reliable Samriddhi Yojana,RSY,Mutual Fund
497,Arun Valley Hydropower Development Co. Ltd.,AHPC,Hydropower
498,Bank of Kathmandu Ltd.,BOKL,Commercial Banks
499,Bishal Bazar Company Limited,BBC,Tradings
500,Butwal Power Company Limited,BPCL,Hydropower
501,Capital Merchant Bank & Finance Co. Ltd.,CMB,Finance Company
502,Chilime Hydropower Company Limited,CHCL,Hydropower
503,Citizen Bank International Limited,CZBIL,Commercial Banks
504,Crystal Finance Ltd.,CFL,Finance Company
505,Everest Bank Limited Con. Pref.,EBLCP,Preferred Stock
506,Everest Insurance Co. Ltd.,EIC,Non Life Insurance
507,Excel Development Bank Ltd.,EDBL,Development Banks
508,Global IME Bank Limited Debenture 2086/87,GBILD86/87,Corporate Debenture
509,Gurkhas Finance Ltd.,GUFL,Finance Company
510,Himalayan Bank Limited,HBL,Commercial Banks
511,ICFC Finance Limited,ICFC,Finance Company
512,Kumari Bank Limited,KBL,Commercial Banks
513,Lumbini Bikas Bank Ltd.,LBBL,Development Banks
514,Lumbini General Insurance Co. Ltd.,LGIL,Non Life Insurance
515,Miteri Development Bank Limited,MDB,Development Banks
516,Nabil Bank Limited,NABIL,Commercial Banks
517,National Hydro Power Company Limited,NHPC,Hydropower
518,Nepal Bangladesh Bank Limited,NBB,Commercial Banks
519,Nepal Doorsanchar Comapany Limited,NTC,Others
520,Nepal Investment Bank Limited,NIB,Commercial Banks
521,Nepal SBI Bank Limited,SBI,Commercial Banks
522,NIC Asia Bank Ltd.,NICA,Commercial Banks
523,Pokhara Finance Ltd.,PFL,Finance Company
524,Prabhu  Bank Limited,PRVU,Commercial Banks
525,Prime Commercial Bank Ltd.,PCBL,Commercial Banks
526,Rastriya Beema Company Limited,RBCL,Non Life Insurance
527,Sahayogi Bikas Bank Limited,SBBLJ,Development Banks
528,Shikhar Insurance Co. Ltd.,SICL,Non Life Insurance
529,Shree Investment Finance Co. Ltd.,SIFC,Finance Company
530,Siddhartha Bank Limited,SBL,Commercial Banks
531,Standard Chartered Bank Limited,SCB,Commercial Banks
532,Sunrise Bank Limited,SRBL,Commercial Banks
533,Goodwill Finance Limited,GFCL,Finance Company
534,Lalitpur Finance Ltd.,LFC,Finance Company
535,Machhapuchhre Bank Limited,MBL,Commercial Banks
536,NMB Bank Limited,NMB,Commercial Banks
537,ProgressiveFinance Limited,PROFL,Finance Company
538,Sanima Bank Limited,SANIMA,Commercial Banks
539,Siddhartha Insurance Ltd.,SIL,Non Life Insurance
540,Citizen Investment Trust,CIT,Investment
541,Oriental Hotels Limited,OHL,Hotels & Tourism
542,Samriddhi Finance Company Limited,SFCL,Finance Company
543,National Life Insurance Co. Ltd.,NLICL,Life Insurance
544,Samjhana Finance Co. Ltd.,SFC,Finance Company
545,Prabhu Insurance Ltd.,PRIN,Non Life Insurance
546,Nepal Share Markets Ltd.,NSM,Finance Company
547,Laxmi Bank Limited,LBL,Commercial Banks
548,Premier Insurance Co. Ltd.,PIC,Non Life Insurance
549,Central Finance Co. Ltd.,CFCL,Finance Company
550,Life Insurance Co. Nepal,LICN,Life Insurance
551,United Insurance Co. (Nepal) Ltd.,UIC,Non Life Insurance
552,Salt Trading Corporation,STC,Tradings
553,United Finance Ltd.,UFL,Finance Company
554,Nepal Credit And Commercial Bank Limited,NCCB,Commercial Banks
555,Nirdhan Utthan Laghubitta Bittiya Sanstha Limited,NUBL,Microfinance
556,Asian Life Insurance Co. Limited,ALICL,Life Insurance
557,Janaki Finance Ltd.,JFL,Finance Company
558,Shrijana Finance  (Bittaya Sanstha),SFFIL,Finance Company
559,City Express Finance Co. Limited,CEFL,Finance Company
560,Guheshowori Merchant Bank & Finance Co. Ltd.,GMFIL,Finance Company
561,Soaltee Hotel Limited,SHL,Hotels & Tourism
562,Unilever Nepal Limited,UNL,Manufacturing And Processing
563,Nepal Life Insurance Co. Ltd.,NLIC,Life Insurance
564,Raghupati Jute Mills Limited,RJM,Manufacturing And Processing
565,Gorakhkali Rubber Udhyog Limited,GRU,Manufacturing And Processing
566,Sagarmatha Insurance Co. Ltd.,SIC,Non Life Insurance
567,Chhimek Laghubitta Bikas Bank Limited,CBBL,Microfinance
568,Himalayan General Insurance Co. Ltd,HGI,Non Life Insurance
569,Deprosc Laghubitta Bittiya Sanstha Limited,DDBL,Microfinance
570,Himalayan Distillery Limited,HDL,Manufacturing And Processing
571,Prudential Insurance Co. Ltd.,PICL,Non Life Insurance
572,Taragaon Regency Hotel Limited,TRH,Hotels & Tourism
573,Swabalamban Laghubitta Bittiya Sanstha Limited,SWBBL,Microfinance
574,IME General Insurance Ltd.,IGI,Non Life Insurance
575,Neco Insurance Co. Ltd.,NIL,Non Life Insurance
576,Nepal Finance Ltd.,NFS,Finance Company
577,Nepal Insurance Co. Ltd.,NICL,Non Life Insurance
578,Best Finance Company Ltd.,BFC,Finance Company
579,Narayani Development Bank Limited,NABBC,Development Banks
580,Prime Life Insurance Company Limited,PLIC,Life Insurance
581,NIDC Development Bank Ltd.,NIDC,Development Banks
582,Kamana Sewa Bikas Bank Limited,KSBBL,Development Banks
583,Nerude Laghubita Bikas Bank Limited,NLBBL,Microfinance
584,Agriculture Development Bank Limited,ADBL,Commercial Banks
585,Om Development Bank Ltd.,ODBL,Development Banks
586,Mahalaxmi Bikas Bank Ltd.,MLBL,Development Banks
587,Surya Life Insurance Company Limited,SLICL,Life Insurance
588,Nepal Lube Oil Limited,NLO,Manufacturing And Processing
589,Nepal Film Development Company Limited,NFD,Others
590,Bottlers Nepal (Terai) Limited,BNT,Manufacturing And Processing
591,Garima Bikas Bank Limited,GBBL,Development Banks
592,Jyoti Bikas Bank Limited,JBBL,Development Banks
593,Gandaki Bikas Bank Limited,GDBL,Development Banks
594,Kankai Bikas Bank Ltd.,KNBL,Development Banks
595,Karnali Development Bank Limited,KRBL,Development Banks
596,Hathway Finance Company Limited,HATH,Finance Company
597,Himalayan Finance Limited (Bittiya Sanstha),HFL,Finance Company
598,Bottlers Nepal (Balaju) Limited,BNL,Manufacturing And Processing
599,Gurans Life Insurance Company Ltd.,GLICL,Life Insurance
600,Corporate Development Bank Limited,CORBL,Development Banks
601,Shine Resunga Development Bank Ltd.,SHINE,Development Banks
602,Muktinath Bikas Bank Ltd.,MNBBL,Development Banks
603,Shangrila Development Bank Ltd.,SADBL,Development Banks
604,Multipurpose Finance Company  Limited,MPFL,Finance Company
605,Bhargav Bikash Bank Ltd.,BHBL,Development Banks
606,First Micro Finance Laghubitta Bittiya Sanstha Limited,FMDBL,Microfinance
607,Janata Bank Nepal Ltd.,JBNL,Commercial Banks
608,Summit Laghubitta Bittiya Sanstha Limited,SMFDB,Microfinance
609,Manjushree Finance Ltd.,MFIL,Finance Company
610,Nepal Bank Limited,NBL,Commercial Banks
611,Civil Bank Ltd,CBL,Commercial Banks
612,Swarojgar Laghu Bitta Bikas Bank Ltd.,SLBBL,Microfinance
613,NLG Insurance Company Ltd.,NLG,Non Life Insurance
614,Mega  Bank Nepal Ltd.,MEGA,Commercial Banks
615,Sindhu Bikash Bank Ltd,SINDU,Development Banks
616,Synergy Finance Ltd.,SYFL,Finance Company
617,Hamro Bikas Bank Ltd.,HAMRO,Development Banks
618,RMDC Laghubitta Bittiya Sanstha Ltd.,RMDC,Microfinance
619,Sana Kisan Bikas Bank Ltd,SKBBL,Microfinance
620,Sanima Mai Hydropower Ltd.,SHPC,Hydropower
621,Kalika Laghubitta Bittiya Sanstha Ltd,KMCDB,Microfinance
622,Naya Sarathi Laghubitta Bittiya Sanstha Limited,NSLB,Microfinance
623,Century Commercial Bank Ltd.,CCBL,Commercial Banks
624,Mithila LaghuBitta Bittiya Sanstha Limited,MLBBL,Microfinance
625,Ridi Hydropower Development Company Ltd.,RHPC,Hydropower
626,Reliance Finance Ltd.,RLFL,Finance Company
627,Siddhartha Equity Orineted Scheme,SEOS,Mutual Fund
628,Laxmi Laghubitta Bittiya Sanstha Ltd.,LLBS,Microfinance
629,Sahara Bikas Bank Ltd.,SHBL,Development Banks
630,NIBL Samriddhi Fund 1,NIBSF1,Mutual Fund
631,Mirmire Microfinance Development Bank Ltd.,MMFDB,Microfinance
632,Barun Hydropower Co. Ltd.,BARUN,Hydropower
633,Vijaya laghubitta Bittiya Sanstha Ltd.,VLBS,Microfinance
634,Api Power Company Ltd.,API,Hydropower
635,Grameen Bikas Laghubitta Bittiya Sanstha Ltd.,GBLBS,Microfinance
636,Civil Laghubitta Bittiya Sanstha Ltd.,CLBSL,Microfinance
637,Kisan Lagubitta Bittiya Sanstha Limited,KLBSL,Microfinance
638,Mahila Sahayatra Microfinance Bittiya Sanstha Ltd.,MSMBS,Microfinance
639,Janautthan Samudayic Laghubitta Bikas Bank Ltd.,JSLBB,Microfinance
640,Womi Microfinance Bittiya Sanstha Ltd.,WOMI,Microfinance
641,Global IME Laghubitta Bittiya Sanstha Ltd.,GILB,Microfinance
642,NMB  Microfinance Bittiya Sanstha Ltd.,NMBMF,Microfinance
643,Global IME Samunnat Scheme-1,GIMES1,Mutual Fund
644,Hydorelectricity Investment and Development Company Ltd,HIDCL,Investment
645,Mero Microfinance Bittiya Sanstha Ltd.,MERO,Microfinance
646,Ngadi Group Power Ltd.,NGPL,Hydropower
647,Shree Ram Sugar Mills Limited,SRS,Manufacturing And Processing
648,Green Development Bank Ltd.,GRDBL,Development Banks
649,Khanikhola Hydropower Co. Ltd.,KKHC,Hydropower
650,NMB Hybrid Fund L-1,NMBHF1,Mutual Fund
651,Nabil Equity Fund,NEF,Mutual Fund
652,National Microfinance Bittiya Sanstha Ltd.,NMFBS,Microfinance
653,RSDC Laghubitta Bittiya Sanstha Ltd.,RSDC,Microfinance
654,Suryodaya Laghubitta Bittiya Sanstha Ltd.,SLBS,Microfinance
655,Dibyashwori Hydropower Ltd.,DHPL,Hydropower
656,NIBL Pragati Fund,NIBLPF,Mutual Fund
657,Arun Kabeli Power Ltd.,AKPL,Hydropower
658,Synergy Power Development Ltd.,SPDL,Hydropower
659,Forward Microfinance Bittiya Sanstha Ltd.,FOWAD,Microfinance
660,United Modi Hydropower Ltd.,UMHL,Hydropower
661,Samata Gharelu Laghubitta Bittiya Sanstha Limited,SMATA,Microfinance
662,Chhyangdi Hydropower Ltd.,CHL,Hydropower
663,Laxmi Equity Fund,LEMF,Mutual Fund
664,Swadeshi Laghubitta Bittiya Sanstha Ltd.,SDESI,Microfinance
665,Himalayan Power Partner Ltd.,HPPL,Hydropower
666,Mahuli Laghubitta Bittiya Sanstha Limited,MSLB,Microfinance
667,Nepal Hydro Developers Ltd.,NHDL,Hydropower
668,Siddhartha Equity Fund,SEF,Mutual Fund
669,Sanima Equity Fund,SAEF,Mutual Fund
670,Support Microfinance Bittiya Sanstha Ltd.,SMB,Microfinance
671,Unnati Sahakarya Laghubitta Bittiya Sanstha Limited,USLB,Microfinance
672,Radhi Bidyut Company Ltd,RADHI,Hydropower
673,Arambha Microfinance Bittiya Sanstha Ltd.,AMFI,Microfinance
674,Citizens Mutual Fund -1,CMF1,Mutual Fund
675,NIC Asia Growth Fund,NICGF,Mutual Fund
676,Wean Nepal Laghubitta Bittiya Sanstha Limited,WNLB,Microfinance
677,Rairang Hydropower Development Company Ltd.,RRHP,Hydropower
678,Nadep Laghubittiya bittya Sanstha Ltd.,NADEP,Microfinance
679,Panchakanya Mai Hydropower Ltd,PMHPL,Hydropower
680,Kalika power Company Ltd,KPCL,Hydropower
681,Ankhu Khola Jalvidhyut Company Ltd,AKJCL,Hydropower
682,Aarambha Chautari Laghubitta Bittiya Sanstha Limited,ACLBSL,Microfinance
683,Joshi Hydropower Development Company Ltd,JOSHI,Hydropower
684,Upper Tamakoshi Hydropower Ltd,UPPER,Hydropower
685,Samudayik Laghubitta Bittiya Sanstha Limited,SLBSL,Microfinance
686,Ghalemdi Hydro Limited,GHL,Hydropower
687,Asha Laghubitta Bittiya Sanstha Ltd,ALBSL,Microfinance
688,SHIVAM CEMENTS LTD,SHIVM,Manufacturing And Processing
689,UNIVERSAL POWER COMPANY LTD,UPCL,Hydropower
690,Mountain Hydro Nepal Limited,MHNL,Hydropower
691,Panchthar Power Compant Limited,PPCL,Hydropower
692,Sparsha Laghubitta Bittiya Sanstha Limited,SPARS,Microfinance
693,Himalaya Urja Bikas Company Limited,HURJA,Hydropower
694,Gurans Laghubitta Bittiya Sanstha Limited,GLBSL,Microfinance
695,Ganapati Laghubitta Bittiya Sanstha Limited,GMFBS,Microfinance
696,Nepal Agro Laghubitta Bittiya Sanstha Limited,NAGRO,Microfinance
697,Union Hydropower Limited,UNHPL,Hydropower
698,10% Sanima Bank Limited Debenture,SAND2085,Corporate Debenture
699,Swabhimaan Laghubitta Bittiya Sanstha Limited,SMFBS,Microfinance
700,Infinity Laghubitta Bittiya Sanstha Limited,ILBS,Microfinance
701,RASUWAGADHI HYDROPOWER COMPANY LIMITED,RHPL,Hydropower
702,SANJEN JALAVIDHYUT COMPANY LIMITED,SJCL,Hydropower
705,Ghodighoda Laghubitta Bittiya Sanstha Ltd.,GGBSL,Microfinance
706,Tinau Mission Development Bank Limited,TMDBL,Development Banks
707,Saptakoshi Development Bank Ltd,SAPDBL,Development Banks
708,NIC Asia Balanced Fund,NICBF,Mutual Fund
709,11% NIC Asia Debenture 082/83,NICAD8283,Corporate Debenture
710,10.50% SBL Debenture 2082,SBLD2082,Corporate Debenture
711,NABIL BALANCED FUND-2,NBF2,Mutual Fund
712,Himal Dolakha Hydropower Company Limited,HDHPC,Hydropower
713,Nepal Reinsurance Company Limited,NRIC,Others
714,10.25% Sunrise Bank Debenture 2083,SRBLD83,Corporate Debenture
715,NIC ASIA Laghubitta Bittiya Sanstha Limited,NICLBSL,Microfinance
716,NMB 50,NMB50,Mutual Fund
717,Sunrise First Mutual Fund,SFMF,Mutual Fund
718,10.5 % NEPAL INVESTMENT DEBENTURE 2082,NIBD2082,Corporate Debenture
719,Ajod Insurance Limited,AIL,Non Life Insurance
720,Sadhana Laghubitta Bittiya Sanstha Limited,SDLBSL,Microfinance
721,NRN Infrastructure and Development Limited,NRN,Investment
722,Reliance Life Insurance Limited,RLI,Life Insurance
723,10.25% KBL Debenture 2086,KBLD86,Corporate Debenture
724,10.25% NIC Asia Debenture 2083/84,NICD83/84,Corporate Debenture
725,10.25% GLOBAL IME BANK LTD. DEBENTURE 2080/81,GBD80/81,Corporate Debenture
726,10% Nepal SBI Bank Debenture 2086,SBIBD86,Corporate Debenture
727,Laxmi Unnati Kosh,LUK,Mutual Fund
728,Liberty Energy Company Limited,LEC,Hydropower
729,General Insurance Company Nepal Ltd,GIC,Non Life Insurance
730,Shiva Shree Hydropower Ltd,SSHL,Hydropower
731,Sanima General Insurance Limited,SGI,Non Life Insurance
732,10% Prabhu Bank Debenture 2084,PBLD84,Corporate Debenture
733,CITIZENS MUTUAL FUND 2,CMF2,Mutual Fund
734,10% Himalayan Bank Debenture 2083,HBLD83,Corporate Debenture
735,Mountain Energy Nepal Limited,MEN,Hydropower
736,United IDI Mardi RB Hydropower Limited.,UMRH,Hydropower
737,10% Sunrise Debenture 2080,SRD80,Corporate Debenture
738,9% NIC Asia Debenture 2081/82,NICAD8182,Corporate Debenture
739,Prabhu Life Insurance Limited,PLI,Life Insurance
740,Siddhartha Investment Growth Scheme - 2,SIGS2,Mutual Fund
741,12% ICFC Finance Limited Debenture 2083,ICFCD83,Corporate Debenture
742,Chandragiri Hills Limited,CGH,Hotels & Tourism
743,Nepal Infrastructure Bank Limited,NIFRA,Investment
744,Sanima Large Cap Fund,SLCF,Mutual Fund
745,10.25% NBBL Debenture 2085,NBBD2085,Corporate Debenture
746,GreenLife Hydropower Limited,GLH,Hydropower
747,Mahila Lagubitta Bittiya Sanstha Limited,MLBSL,Microfinance
748,Jyoti Life Insurance Company Limited,JLI,Life Insurance
749,Kumari Equity Fund,KEF,Mutual Fund
750,9.5% Manjushree Finance Limited Debenture 2085,MFLD85,Corporate Debenture
751,10.25% Machhapuchhre Bank Debenture 2085,MBLD2085,Corporate Debenture
752,10.25% SBL Debenture 2083,SBLD83,Corporate Debenture
753,10% Laxmi Bank Debenture 2086,LBLD86,Corporate Debenture
754,10.25% Prabhu Bank  Debenture 2086,PBLD86,Corporate Debenture
755,10.35% Agricultural Bank Debenture 2083,ADBLD83,Corporate Debenture
756,Singati Hydro Energy Limited,SHEL,Hydropower
757,Ru Ru Jalbidhyut Pariyojana Limited,RURU,Hydropower
758,10% Nabil Debenture 2082,NBLD82,Corporate Debenture
759,8.5% Sanima Debenture 2087,SBD87,Corporate Debenture
760,8.5% SBL Debenture 2084,SBLD84,Corporate Debenture
761,CEDB Hydropower Development Company Limited,CHDC,Investment
762,Sunrise Bluechip Fund,SBCF,Mutual Fund
763,Prabhu Select Fund,PSF,Mutual Fund
764,NIBL Samriddhi Fund -2,NIBSF2,Mutual Fund
765,12 % Goodwill Finance Limited Debenture 2083,GWFD83,Corporate Debenture
766,Jeevan Bikas Laghubitta  Bittya Sanstha Ltd,JBLB,Microfinance
767,Union Life Insurance Company Limited,ULI,Life Insurance
768,Manakamana Smart Laghubitta Bittiya Sanstha Limited,MKLB,Microfinance
769,9.5% NCC Debenture 2086,NCCD86,Corporate Debenture
770,RBB Mutual Fund 1,RMF1,Mutual Fund
771,Sanima Life Insurance Limited,SLI,Life Insurance
772,NIC Asia Select Fund 30,NICSF,Mutual Fund
773,8.5% Laxmi Bank Debenture 2088,LBLD88,Corporate Debenture
774,Mailung Khola Jal Vidhyut Company Limited,MKJC,Hydropower
775,8.75 % Prime Debenture 2085,PBD85,Corporate Debenture
776,Manushi Laghubitta Bittiya Sanstha Limited,MLBS,Microfinance
777,Shangri-la Development Bank Debenture 2087,SDBD87,Corporate Debenture
778,10 % NMB DEBENTURE 2085,NMBD2085,Corporate Debenture
779,Sahas Urja Limited,SAHAS,Hydropower
780,Terhathum Power Company Limited,TPC,Hydropower
781,Mega Mutual Fund -1,MMF1,Mutual Fund
783,8.5% Nepal Investment Bank Debenture 2084,NIBD84,Corporate Debenture
784,Samling Power Company Limited,SPC,Hydropower
785,Nyadi Hydropower Limited,NYADI,Hydropower
786,Nabil Debenture 2085,NBLD85,Corporate Debenture
787,Madhya Bhotekoshi Jalavidyut Company Limited,MBJC,Hydropower
788,Buddha Bhumi Nepal Hydropower Company Limited,BNHC,Hydropower
789,8.5% BOK Debenture 2086,BOKD86,Corporate Debenture
790,Agricultural Development Bank Limited,ADBL,Commercial Banks
791,Premier Insurance Company (Nepal) Limited,PIC,Non Life Insurance
792,Emerging Nepal Limited,ENL,Investment
793,Rastra Utthan Laghubitta Sanstha Limited,RULB,Microfinance
794,Jalpa Samudayik Laghubitta Bittiya Sanstha Limited,JALPA,Microfinance
795,Chhimek Laghubitta Bittiya Sanstha Limited,CBBL,Microfinance
796,Forward Microfinance Laghubitta Bittiya Sanstha Limited,FOWAD,Microfinance
797,Life Insurance Corporation (Nepal) Limited,LICN,Life Insurance
798,Nepal Doorsanchar Company Limited,NTC,Others
799,Nerude Laghubitta Bittiya Sanstha Limited,NLBBL,Microfinance
800,Sana Kisan Bikas Laghubitta Bittiya Sanstha Limited,SKBBL,Microfinance
801,Nabil Balanced Fund-3,NBF3,Mutual Fund
802,National Microfinance Laghubitta Bittiya Sanstha Limited,NMFBS,Microfinance
803,NESDO Sambridha Laghubitta Bittiya Sanstha Limited,NESDO,Microfinance
804,Green Ventures Limited,GVL,Hydropower
805,8.5% Nepal Bank Debenture 2087,NBLD87,Corporate Debenture
806,Suryodaya Womi Laghubitta Bittiya Sanstha Limited,SWMF,Microfinance
807,Balephi Hydropower Limited,BHL,Hydropower
808,Neco Insurance Limited,NIL,Non Life Insurance
809,Upakar Laghubitta Bittiya Sanstha Limited,ULBSL,Microfinance
810,CYC Nepal Laghubitta Bittiya Sanstha Limited,CYCL,Microfinance
811,Progressive Finance Limited,PROFL,Finance Company
812,River Falls Power Limited,RFPL,Hydropower
813,Janaki Finance Company Limited,JFL,Finance Company
814,Janautthan Samudayic Laghubitta Bittya Sanstha Limited,JSLBB,Microfinance
815,Citizens Bank International Limited,CZBIL,Commercial Banks
816,Dordi Khola Jal Bidyut Company Limited,DORDI,Hydropower
817,Civil Bank Debenture 2088,CBLD88,Corporate Debenture
818,Adarsha Laghubitta Bittiya Sanstha Limited,ADLB,Microfinance
819,Century Debenture 2088,CCBD88,Corporate Debenture
820,Kumari Dhanabriddhi Yojana,KDBY,Mutual Fund
821,Bindhyabasini Hydropower Development Company Limited,BHDC,Hydropower
822,Himalayan Hydropower Limited,HHL,Hydropower
823,Himalayan Everest Insurance Limited,HEI,Non Life Insurance
824,Upper Hewakhola Hydropower Company Limited,UHEWA,Hydropower
825,Ridi Power Company Limited,RIDI,Hydropower
826,Mandakini Hydropower Limited,MHL,Hydropower
827,Swet-Ganga Hydropower & Construction Limited,SGHC,Hydropower
828,Upper Solu Hydro Electric Company Limited,USHEC,Hydropower
829,10% Prime Debenture 2088,PBD88,Corporate Debenture
830,Rapti Hydro And General Construction Limited,RHGCL,Hydropower
831,Mirmire Laghubitta Bittya Sanstha Limited,MMFDB,Microfinance
832,NIC Asia Flexi CAP Fund,NICFC,Mutual Fund
833,Aviyan Laghubitta Bittiya Sanstha Limited,AVYAN,Microfinance
834,People's Power Limited,PPL,Hydropower
835,Sayapatri Hydropower Limited,SPHL,Hydropower
836,Dhaulagiri Laghubitta Bittiya Sanstha Limited,DLBS,Microfinance
837,Manakamana Smart Laghubitta Bittiya Sanstha Limited�Promoter Share,XxMKLBP,Promoter Share
838,Jalpa Samudayik Laghubitta Bittiya Sanstha Limited Promoter Share,XxJLPAP,Promoter Share
839,Jyoti Life Insurance Company Limited�Promoter Share,XxJLIP,Promoter Share
840,Buddha Jyoti Laghubitta Bittiya Sanstha Limited,XxBJL,Microfinance
841,Deurali Laghubitta Bittiya Sanstha Limited.,XxDLB,Microfinance
842,Surikhola Hydropower Limited�,XxSHL,Hydropower
843,Shaligram Laghubitta Bittiya Sanstha Limited.,XxSHLBS,Microfinance
844,Samata Laghubitta Bittiya Sanstha Limited,XxSLBL,Microfinance
845,Gharelu Laghubitta Bittiya Sanstha Limited,XxGLBL,Microfinance
846,Srijana Finance Limited,XxSFL,Finance Company
847,Grameen Swayamsewak Laghubitta Bittiya Sanstha Limited.,XxGSL,Microfinance
848,Nepal Development Bank Limited,XxNDBL,Development Banks
849,City Development Ltd.,XxCTD,Commercial Banks
850,NDEP Development Bank Limited,XxNDEP,Commercial Banks
851,Royal Merchant Banking and Finance Limited ,XxROYL,Microfinance
852,Business Development Limited,XxBDL,Development Banks
853,Pashupati Development Limited,XxPDL,Development Banks
854,Vibor Bikash Bank Limited,XxVBBL,Commercial Banks
855,Butwal Finance Limited,XxBFLL,Finance Company
856,Shine Development Bank Limited,XxSDBL,Development Banks
857,NIC Bank Limited,XxNICA,Commercial Banks
858,Diyalo Bikash Bank Limited,XxDBB,Development Banks
859,Social Development Limited,XxSOC,Development Banks
860,Reliable Finance Ltd.,XxRFL,Finance Company
861,Kist Bank Ltd.,XxKBL,Commercial Banks
